strategy,split_id,family,family_label,block_name,n_features,features,params_json,threshold,random_state,train_roc_auc,train_pr_auc,train_balanced_accuracy,train_f1,train_brier,train_sensitivity,train_specificity,train_tn,train_fp,train_fn,train_tp,val_roc_auc,val_pr_auc,val_balanced_accuracy,val_f1,val_brier,val_sensitivity,val_specificity,val_tn,val_fp,val_fn,val_tp,test_roc_auc,test_pr_auc,test_balanced_accuracy,test_f1,test_brier,test_sensitivity,test_specificity,test_tn,test_fp,test_fn,test_tp
by_image,holdout_O012791,logistic_regression,Logistic Regression,B0_base,5,"SD,NDAI,AF,AN,BF","{""C"": 0.1}",0.2309191370896308,214,0.9459641620853559,0.9030193957419106,0.9156101145671178,0.9110757639179573,0.08451832525584704,0.9480451599414593,0.8831750691927764,57757,7640,2982,54414,0.9481099590143478,0.6121192756430768,0.9275940497484487,0.6784866233971822,0.05828349800398795,0.9217204301075269,0.9334676693893706,25942,1849,182,2143,0.788709039005093,0.7196854987274656,0.7366485495746078,0.6938735449423866,0.17404316862747016,0.8319525513086048,0.6413445478406108,21503,12025,3570,17674
by_image,holdout_O012791,logistic_regression,Logistic Regression,B0_base,5,"SD,NDAI,AF,AN,BF","{""C"": 1.0}",0.23676043532389898,214,0.9448870802237519,0.9039895033319343,0.9169551274203278,0.9123120340339497,0.08431196201266618,0.9434106906404628,0.8904995642001927,58236,7161,3248,54148,0.9413141486587868,0.6164240635784463,0.9226554044145954,0.6835033187631536,0.05777862665413038,0.9079569892473118,0.937353819581879,26050,1741,214,2111,0.7691641967003829,0.7102265508412325,0.7182374842424665,0.6755854149170947,0.17871649892250255,0.8141592920353983,0.6223156764495347,20865,12663,3948,17296
by_image,holdout_O012791,logistic_regression,Logistic Regression,B0_base,5,"SD,NDAI,AF,AN,BF","{""C"": 10.0}",0.2362554168498557,214,0.9447294692290269,0.9040935010391425,0.9167291415201125,0.9120832842005964,0.0843066186405822,0.9433409993727786,0.8901172836674465,58211,7186,3252,54144,0.9404771019317385,0.6167575293386841,0.9224395071816782,0.682178057844563,0.05774551020023751,0.9079569892473118,0.9369220251160447,26038,1753,214,2111,0.7669548749818101,0.7091249082926904,0.7129703858781231,0.6708103488462435,0.17928532087954124,0.8128412728299755,0.6130994989262706,20556,12972,3976,17268
by_image,holdout_O012791,random_forest,Random Forest,B0_base,5,"SD,NDAI,AF,AN,BF","{""max_depth"": 8, ""max_features"": ""sqrt"", ""min_samples_leaf"": 10}",0.5158839122936282,214,0.9916923925027328,0.9895768519049982,0.9565465666714785,0.9531453288951219,0.0335679454769625,0.9828211025158547,0.9302720308271022,60837,4560,986,56410,0.9868305241543733,0.8265326289214169,0.9586635574369826,0.724577621931782,0.03872169398296851,0.9776344086021506,0.9396927062718147,26115,1676,52,2273,0.5275667025115596,0.48732338451559387,0.5500661413189564,0.5767029562373596,0.4152638804206354,0.9462907173790247,0.1538415652588881,5158,28370,1141,20103
by_image,holdout_O012791,random_forest,Random Forest,B0_base,5,"SD,NDAI,AF,AN,BF","{""max_depth"": 8, ""max_features"": ""sqrt"", ""min_samples_leaf"": 50}",0.40616875970244976,214,0.9913601268065422,0.9891595621559964,0.9520473509883671,0.9483368955383382,0.03449776306004474,0.9895114642135341,0.9145832377632002,59811,5586,602,56794,0.9875321978996061,0.8343669478339102,0.9654825902870234,0.7439597859575158,0.03483575088994655,0.9866666666666667,0.9442985139073801,26243,1548,31,2294,0.7461702058584532,0.6865088404470544,0.5586391515724782,0.584359325125399,0.3133276550240785,0.965166635285257,0.15211166785969935,5100,28428,740,20504
by_image,holdout_O012791,random_forest,Random Forest,B0_base,5,"SD,NDAI,AF,AN,BF","{""max_depth"": null, ""max_features"": ""sqrt"", ""min_samples_leaf"": 10}",0.437297653369614,214,0.9978582704513161,0.997559697345395,0.9720616650645092,0.9694548551959115,0.019779756988134712,0.9914802425256115,0.9526430876034069,62300,3097,489,56907,0.9923223384378713,0.9163492204938627,0.9601523507068699,0.7543449197860963,0.029566020508353205,0.970752688172043,0.9495520132416969,26389,1402,68,2257,0.5621097568958345,0.4747517592717437,0.542789947602256,0.5700972330419227,0.43683784915111873,0.9300979099981171,0.15548198520639467,5213,28315,1485,19759
by_image,holdout_O012791,random_forest,Random Forest,B0_base,5,"SD,NDAI,AF,AN,BF","{""max_depth"": null, ""max_features"": 0.5, ""min_samples_leaf"": 50}",0.4832573238298724,214,0.9945879248331726,0.9936267468742173,0.9623108463855321,0.9592650873984604,0.028529923134304518,0.9824378005435919,0.9421838922274722,61616,3781,1008,56388,0.9930774835049485,0.9194837448628793,0.9669590178300935,0.8159564823209429,0.026194331015810104,0.967741935483871,0.966176100176316,26851,940,75,2250,0.716880329532656,0.616472471695506,0.5548872563891719,0.5764353104658817,0.3268399583005455,0.9275089437017511,0.1822655690765927,6111,27417,1540,19704
by_image,holdout_O012791,hist_gradient_boosting,HistGradientBoosting,B0_base,5,"SD,NDAI,AF,AN,BF","{""l2_regularization"": 0.1, ""learning_rate"": 0.03, ""max_depth"": 3, ""min_samples_leaf"": 20}",0.367397058553843,214,0.9869292958863184,0.9832300075102075,0.9450531493983876,0.9411414194915254,0.04068718228951588,0.9906613701303226,0.8994449286664525,58821,6576,536,56860,0.9798498237419633,0.701927752877573,0.966267465718576,0.7393608479203468,0.037647055339057524,0.9901075268817204,0.9424274045554316,26191,1600,23,2302,0.8398844854971836,0.7725669930963894,0.6224955046186831,0.6205043152430971,0.20107939979580627,0.9509979288269629,0.29399308041040323,9857,23671,1041,20203
by_image,holdout_O012791,hist_gradient_boosting,HistGradientBoosting,B0_base,5,"SD,NDAI,AF,AN,BF","{""l2_regularization"": 0.1, ""learning_rate"": 0.1, ""max_depth"": 3, ""min_samples_leaf"": 20}",0.4472549574543851,214,0.9920348737929634,0.9901849401028731,0.9557483220793876,0.9522814056797012,0.03246990749141981,0.9841452366018538,0.9273514075569216,60646,4751,910,56486,0.9901728996352575,0.8815920310175457,0.9655399384731578,0.7493455497382199,0.030887153548571727,0.9849462365591398,0.9461336403871757,26294,1497,35,2290,0.6951400380804533,0.5412411523829276,0.6087621731003947,0.6003047396745121,0.29118083190474464,0.8716343438147242,0.3458900023860654,11597,21931,2727,18517
by_image,holdout_O012791,hist_gradient_boosting,HistGradientBoosting,B0_base,5,"SD,NDAI,AF,AN,BF","{""l2_regularization"": 0.1, ""learning_rate"": 0.03, ""max_depth"": null, ""min_samples_leaf"": 100}",0.3318475334346893,214,0.9936813242640544,0.9922228144216455,0.9578625152544958,0.9543556636203572,0.02859463613436446,0.9915847794271377,0.9241402510818539,60436,4961,483,56913,0.9922983343799319,0.9010625980305659,0.9674402829414489,0.7522094926350246,0.025036611722415295,0.9883870967741936,0.9464934691087042,26304,1487,27,2298,0.8288876635837408,0.6681471014151099,0.8028483239878732,0.7612478819894348,0.18153013480329572,0.8987949538693278,0.7069016941064186,23701,9827,2150,19094
by_image,holdout_O012791,hist_gradient_boosting,HistGradientBoosting,B0_base,5,"SD,NDAI,AF,AN,BF","{""l2_regularization"": 0.0, ""learning_rate"": 0.1, ""max_depth"": null, ""min_samples_leaf"": 100}",0.3730136443085399,214,0.9962584357463387,0.9955345791909878,0.968219771685985,0.9652893682275296,0.022555757577373787,0.992543034357795,0.943896509014175,61728,3669,428,56968,0.9914526208105587,0.8901283775041559,0.9664915190691812,0.7813521417512472,0.0262915501300785,0.9767741935483871,0.9562088445899751,26574,1217,54,2271,0.7746270378710042,0.5614123628282526,0.7739656703102797,0.7328485128323522,0.22186106847547132,0.8965354923743174,0.651395848246242,21840,11688,2198,19046
by_image,holdout_O012791,logistic_regression,Logistic Regression,B1_engineered,10,"SD,NDAI,AF,AN,BF,ndai_x_sd,af_df_gap,front_back_ratio,rad_cv,rad_range","{""C"": 0.1}",0.2428784833680371,214,0.9573517431453599,0.9375394624245387,0.9120758439237988,0.9074996656413,0.07423082668713123,0.9457627709248031,0.8783889169227946,57444,7953,3113,54283,0.94994533311821,0.6686407767237723,0.9185286177972833,0.6509984639016897,0.04942297265011327,0.9113978494623656,0.9256593861322011,25725,2066,206,2119,0.8043716519102159,0.7002086473082382,0.6338412432456402,0.6208860038719963,0.17508047856396755,0.8982300884955752,0.36945239799570506,12387,21141,2162,19082
by_image,holdout_O012791,logistic_regression,Logistic Regression,B1_engineered,10,"SD,NDAI,AF,AN,BF,ndai_x_sd,af_df_gap,front_back_ratio,rad_cv,rad_range","{""C"": 1.0}",0.23892428762120482,214,0.9575751637244728,0.9401494075903962,0.9120774647996517,0.9074914916923797,0.0735261486146142,0.9454143145863824,0.8787406150129211,57467,7930,3133,54263,0.9539628633544628,0.6893609402148253,0.920208847685276,0.6475322703113136,0.04746016421907993,0.916989247311828,0.923428448058724,25663,2128,193,2132,0.7967813675160225,0.7001793910145125,0.5300937610028681,0.5577173261609975,0.17899487882963494,0.8979947279231784,0.16219279408255785,5438,28090,2167,19077
by_image,holdout_O012791,logistic_regression,Logistic Regression,B1_engineered,10,"SD,NDAI,AF,AN,BF,ndai_x_sd,af_df_gap,front_back_ratio,rad_cv,rad_range","{""C"": 10.0}",0.23960417266346568,214,0.9573290340992031,0.940362809747942,0.9118936888084799,0.9072736252605497,0.07364689663515445,0.9441598717680675,0.8796275058488922,57525,7872,3205,54191,0.9544590246010639,0.6924657348396547,0.9201008990688174,0.6469428007889546,0.04741499639707844,0.916989247311828,0.9232125508258069,25657,2134,193,2132,0.7968898953590602,0.7024280523386355,0.5254402231094677,0.5551269922130849,0.17881331928404712,0.8976652231218226,0.15321522309711286,5137,28391,2174,19070
by_image,holdout_O012791,random_forest,Random Forest,B1_engineered,10,"SD,NDAI,AF,AN,BF,ndai_x_sd,af_df_gap,front_back_ratio,rad_cv,rad_range","{""max_depth"": 8, ""max_features"": ""sqrt"", ""min_samples_leaf"": 10}",0.6374217562184693,214,0.9926252373271025,0.9909472460574003,0.9587525427410016,0.9557832485215239,0.03211815077113879,0.9686389295421284,0.9488661559398749,62053,3344,1800,55596,0.9914300483292533,0.8996961455247046,0.9632319815767694,0.813262889415194,0.03216634592822265,0.96,0.9664639631535389,26859,932,93,2232,0.6100689381281251,0.5365805000133594,0.5132006309662586,0.5368266598090974,0.36414233730063805,0.8352475993221615,0.19115366261035552,6409,27119,3500,17744
by_image,holdout_O012791,random_forest,Random Forest,B1_engineered,10,"SD,NDAI,AF,AN,BF,ndai_x_sd,af_df_gap,front_back_ratio,rad_cv,rad_range","{""max_depth"": 8, ""max_features"": ""sqrt"", ""min_samples_leaf"": 50}",0.5962079508826443,214,0.9922314789206006,0.9904481952087103,0.9575192460385035,0.9543833847785008,0.03303846666110109,0.9723499895463098,0.9426885025306971,61649,3748,1587,55809,0.991438893151376,0.8971694255876956,0.9642482152688868,0.8046636771300448,0.02956901262581279,0.9647311827956989,0.9637652477420747,26784,1007,82,2243,0.6962730267270771,0.6495089514375633,0.5485056013232936,0.5632374659338317,0.31223079184051244,0.8706929015251366,0.22631830112145074,7588,25940,2747,18497
by_image,holdout_O012791,random_forest,Random Forest,B1_engineered,10,"SD,NDAI,AF,AN,BF,ndai_x_sd,af_df_gap,front_back_ratio,rad_cv,rad_range","{""max_depth"": null, ""max_features"": ""sqrt"", ""min_samples_leaf"": 10}",0.408848474379815,214,0.9982899035100702,0.9980525206813683,0.9738141383731997,0.9712549263285127,0.017912859763147975,0.9940065509791624,0.953621725767237,62364,3033,344,57052,0.9926069203962139,0.9142288129993701,0.9626807084988835,0.7590825380880629,0.026812151929496767,0.9750537634408603,0.9503076535569069,26410,1381,58,2267,0.6243629294451565,0.5278893073176876,0.5467331525746166,0.5740049394061225,0.386338510913691,0.9408774242138956,0.15258888093533762,5116,28412,1256,19988
by_image,holdout_O012791,random_forest,Random Forest,B1_engineered,10,"SD,NDAI,AF,AN,BF,ndai_x_sd,af_df_gap,front_back_ratio,rad_cv,rad_range","{""max_depth"": null, ""max_features"": 0.5, ""min_samples_leaf"": 50}",0.3880154313160801,214,0.995334970368924,0.9945391677727482,0.9624923652990864,0.9592968221771467,0.02647021782516108,0.9887797059028504,0.9362050246953224,61225,4172,644,56752,0.9936707907681105,0.9246452910642649,0.9702140593980491,0.8071732954545454,0.023095490448235174,0.9776344086021506,0.9627937101939477,26757,1034,52,2273,0.5827628324469489,0.546408490513009,0.5473214557281091,0.5751327218350671,0.40397967027261267,0.945961212577669,0.14868169887854926,4985,28543,1148,20096
by_image,holdout_O012791,hist_gradient_boosting,HistGradientBoosting,B1_engineered,10,"SD,NDAI,AF,AN,BF,ndai_x_sd,af_df_gap,front_back_ratio,rad_cv,rad_range","{""l2_regularization"": 0.1, ""learning_rate"": 0.03, ""max_depth"": 3, ""min_samples_leaf"": 20}",0.31968165235413903,214,0.9890586330878139,0.9860952696216051,0.9443429440209807,0.9404134375464746,0.038470660098374056,0.9915499337932957,0.8971359542486659,58670,6727,485,56911,0.9867747390951584,0.8305489803976747,0.9654775294701657,0.7365892714171337,0.03303142487422225,0.989247311827957,0.9417077471123745,26171,1620,25,2300,0.8202509442389867,0.7530407999430734,0.5900244080875352,0.5980449746208185,0.19144713897464383,0.9345226887591791,0.2455261274158912,8232,25296,1391,19853
by_image,holdout_O012791,hist_gradient_boosting,HistGradientBoosting,B1_engineered,10,"SD,NDAI,AF,AN,BF,ndai_x_sd,af_df_gap,front_back_ratio,rad_cv,rad_range","{""l2_regularization"": 0.1, ""learning_rate"": 0.1, ""max_depth"": 3, ""min_samples_leaf"": 20}",0.5371763718583671,214,0.9931027146108018,0.9915241320149732,0.961767992843312,0.9588300692722141,0.029985201837704374,0.9766882709596487,0.9468477147269753,61921,3476,1338,56058,0.9922339289079043,0.9050269904240369,0.9661862295482834,0.8111812443642922,0.026852641303749144,0.9673118279569892,0.9650606311395775,26820,971,76,2249,0.6338052954421568,0.5299380773133209,0.5910951947985842,0.5781547108216804,0.35177352456244393,0.8086518546413105,0.3735385349558578,12524,21004,4065,17179
by_image,holdout_O012791,hist_gradient_boosting,HistGradientBoosting,B1_engineered,10,"SD,NDAI,AF,AN,BF,ndai_x_sd,af_df_gap,front_back_ratio,rad_cv,rad_range","{""l2_regularization"": 0.1, ""learning_rate"": 0.03, ""max_depth"": null, ""min_samples_leaf"": 100}",0.38415132279044184,214,0.9946126934093729,0.9934360311813744,0.9640193558344599,0.9609197737817061,0.026523192356270604,0.9887448602690083,0.9392938513999113,61427,3970,646,56750,0.9935679416597698,0.9136392423824868,0.9709809433935253,0.8013349727735816,0.022092183426109788,0.9810752688172043,0.9608866179698463,26704,1087,44,2281,0.8365999384344813,0.7112874559462312,0.7984492012701182,0.7563420871047611,0.18222350869359416,0.8771417812088119,0.7197566213314245,24132,9396,2610,18634
by_image,holdout_O012791,hist_gradient_boosting,HistGradientBoosting,B1_engineered,10,"SD,NDAI,AF,AN,BF,ndai_x_sd,af_df_gap,front_back_ratio,rad_cv,rad_range","{""l2_regularization"": 0.0, ""learning_rate"": 0.1, ""max_depth"": null, ""min_samples_leaf"": 100}",0.3043898200137402,214,0.9971435561137891,0.9966218738927292,0.9698272597276856,0.9668856256393349,0.019868228275890736,0.9963237856296606,0.9433307338257106,61691,3706,211,57185,0.9926421990874279,0.9053933557188162,0.9707206285936927,0.7849922905602192,0.023726014227704265,0.9853763440860215,0.9560649131013638,26570,1221,34,2291,0.7888038873221397,0.611756744988841,0.7737354903660869,0.7329848924156874,0.21990147332307672,0.9043965354923743,0.6430744452397996,21561,11967,2031,19213
by_image,holdout_O012791,logistic_regression,Logistic Regression,B2_context,15,"SD,NDAI,AF,AN,BF,ndai_x_sd,af_df_gap,front_back_ratio,rad_cv,rad_range,local_SD_mean3,local_NDAI_std3,local_SD_std3,local_rad_std_std3,local_rad_mean_std3","{""C"": 0.1}",0.23654423550966866,214,0.9648950952896663,0.9504523948900515,0.9178422260608954,0.9133934616702749,0.06554190716672047,0.9519130252979302,0.8837714268238605,57796,7601,2760,54636,0.9769164535745503,0.7589919484711992,0.9506140806008598,0.7129437987581595,0.038529608726855076,0.963010752688172,0.9382174085135475,26074,1717,86,2239,0.848977081170386,0.7439275961513532,0.6379690105547114,0.6295813368941953,0.16109532300722537,0.9432310299378648,0.3327069911715581,11155,22373,1206,20038
by_image,holdout_O012791,logistic_regression,Logistic Regression,B2_context,15,"SD,NDAI,AF,AN,BF,ndai_x_sd,af_df_gap,front_back_ratio,rad_cv,rad_range,local_SD_mean3,local_NDAI_std3,local_SD_std3,local_rad_std_std3,local_rad_mean_std3","{""C"": 1.0}",0.2507038178490013,214,0.9649439799889161,0.9522235811686992,0.9203484466035747,0.9158242923635017,0.0646452976866383,0.94788835458917,0.8928085386179794,58387,7010,2991,54405,0.9772901956733111,0.7733499390774135,0.9493518710900064,0.7260542661000327,0.03709292877943961,0.9552688172043011,0.9434349249757116,26219,1572,104,2221,0.8368826519142144,0.7384965409425462,0.5803522201572341,0.5922522710660959,0.16899490167273856,0.9344756166446997,0.22622882366976854,7585,25943,1392,19852
by_image,holdout_O012791,logistic_regression,Logistic Regression,B2_context,15,"SD,NDAI,AF,AN,BF,ndai_x_sd,af_df_gap,front_back_ratio,rad_cv,rad_range,local_SD_mean3,local_NDAI_std3,local_SD_std3,local_rad_std_std3,local_rad_mean_std3","{""C"": 10.0}",0.23760959661546596,214,0.9650298874747808,0.9524243229370806,0.9183908078167431,0.9139221431561323,0.06449516264023032,0.951007038818036,0.8857745768154502,57927,7470,2812,54584,0.9771071241056998,0.7730405455605166,0.9495576466892082,0.7131906739061002,0.036987035895521055,0.9604301075268817,0.9386851858515347,26087,1704,92,2233,0.8346146444886136,0.7367332614840607,0.5513146614844435,0.5764741527318896,0.1711640996926619,0.9404067030691019,0.16222261989978526,5439,28089,1266,19978
by_image,holdout_O012791,random_forest,Random Forest,B2_context,15,"SD,NDAI,AF,AN,BF,ndai_x_sd,af_df_gap,front_back_ratio,rad_cv,rad_range,local_SD_mean3,local_NDAI_std3,local_SD_std3,local_rad_std_std3,local_rad_mean_std3","{""max_depth"": 8, ""max_features"": ""sqrt"", ""min_samples_leaf"": 10}",0.48239147023609463,214,0.9945560775798838,0.9929652109299855,0.9680811812058288,0.9650983775736351,0.02532572186479869,0.9939020140776361,0.9422603483340214,61621,3776,350,57046,0.99552140149031,0.9345124789244402,0.9766580810759884,0.8001384322547154,0.025094752751779532,0.9944086021505376,0.9589075600014393,26649,1142,13,2312,0.8497994223619207,0.7891547198215565,0.735987563190186,0.6984955085695391,0.19884033473752094,0.8949350404820184,0.5770400858983536,19347,14181,2232,19012
by_image,holdout_O012791,random_forest,Random Forest,B2_context,15,"SD,NDAI,AF,AN,BF,ndai_x_sd,af_df_gap,front_back_ratio,rad_cv,rad_range,local_SD_mean3,local_NDAI_std3,local_SD_std3,local_rad_std_std3,local_rad_mean_std3","{""max_depth"": 8, ""max_features"": ""sqrt"", ""min_samples_leaf"": 50}",0.42074185912435735,214,0.9941283421893952,0.9925027151232411,0.9636859765187648,0.9604077821797169,0.02686658029929824,0.9946686180221618,0.9327033350153677,60996,4401,306,57090,0.9958291208223595,0.9412981307867557,0.9767078380368364,0.7933573018318781,0.02507217563961665,0.9965591397849463,0.9568565362887266,26592,1199,8,2317,0.8638464535536492,0.8048152291999182,0.8247715014434325,0.7844174380286716,0.1577197775579837,0.8795895311617398,0.7699534717251253,25815,7713,2558,18686
by_image,holdout_O012791,random_forest,Random Forest,B2_context,15,"SD,NDAI,AF,AN,BF,ndai_x_sd,af_df_gap,front_back_ratio,rad_cv,rad_range,local_SD_mean3,local_NDAI_std3,local_SD_std3,local_rad_std_std3,local_rad_mean_std3","{""max_depth"": null, ""max_features"": ""sqrt"", ""min_samples_leaf"": 10}",0.4571900540851736,214,0.9992846092318696,0.9991862977498348,0.9825106320584288,0.9806511372602834,0.012732545089348818,0.996062443375845,0.9689588207410126,63367,2030,226,57170,0.9978205832088443,0.9717563306282399,0.9856203466504783,0.8809614650896604,0.014331214675481848,0.9931182795698925,0.978122413731064,27183,608,16,2309,0.8162338738977702,0.713888809062559,0.695790574758717,0.6650015830020755,0.21198563725012087,0.8898512521182451,0.5017298973991887,16822,16706,2340,18904
by_image,holdout_O012791,random_forest,Random Forest,B2_context,15,"SD,NDAI,AF,AN,BF,ndai_x_sd,af_df_gap,front_back_ratio,rad_cv,rad_range,local_SD_mean3,local_NDAI_std3,local_SD_std3,local_rad_std_std3,local_rad_mean_std3","{""max_depth"": null, ""max_features"": 0.5, ""min_samples_leaf"": 50}",0.45023773098219316,214,0.9976368956818145,0.9972414711041395,0.9743917704123921,0.9719597449489129,0.01920731533318892,0.9919506585824797,0.9568328822423047,62574,2823,462,56934,0.9976443367795639,0.9683539502096695,0.9845048776137397,0.8706636500754148,0.014806820221943106,0.9931182795698925,0.9758914756575869,27121,670,16,2309,0.8694948398359792,0.760938416588758,0.8281533481448196,0.7888362998022354,0.14042432465666946,0.8355300320090379,0.8207766642806013,27519,6009,3494,17750
by_image,holdout_O012791,hist_gradient_boosting,HistGradientBoosting,B2_context,15,"SD,NDAI,AF,AN,BF,ndai_x_sd,af_df_gap,front_back_ratio,rad_cv,rad_range,local_SD_mean3,local_NDAI_std3,local_SD_std3,local_rad_std_std3,local_rad_mean_std3","{""l2_regularization"": 0.1, ""learning_rate"": 0.03, ""max_depth"": 3, ""min_samples_leaf"": 20}",0.5470941619254602,214,0.9925552961610702,0.9903365447085611,0.9644664130561824,0.9614217157585933,0.029281672812529108,0.9878040281552721,0.9411287979570928,61547,3850,700,56696,0.9932104808433765,0.9013307309319109,0.9762296604880594,0.80264301860546,0.026471012001343053,0.9926881720430107,0.9597711489331079,26673,1118,17,2308,0.9077203163369644,0.8482674427495058,0.8314341992715469,0.7924288004215981,0.12457607972280131,0.8493692336659763,0.8134991648771176,27275,6253,3200,18044
by_image,holdout_O012791,hist_gradient_boosting,HistGradientBoosting,B2_context,15,"SD,NDAI,AF,AN,BF,ndai_x_sd,af_df_gap,front_back_ratio,rad_cv,rad_range,local_SD_mean3,local_NDAI_std3,local_SD_std3,local_rad_std_std3,local_rad_mean_std3","{""l2_regularization"": 0.1, ""learning_rate"": 0.1, ""max_depth"": 3, ""min_samples_leaf"": 20}",0.47724761243009023,214,0.9962122475781449,0.9953013934943286,0.9735536692983137,0.9710967852111173,0.02070959969435095,0.9907484842149279,0.9563588543816994,62543,2854,531,56865,0.9966414747870336,0.9523756321902124,0.980643466613118,0.8498614958448754,0.017591210832416923,0.9896774193548387,0.9716095138713973,27002,789,24,2301,0.8442250264012676,0.74537886018721,0.7718157938434123,0.7253187456926258,0.17833321429314564,0.7926473357183205,0.7509842519685039,25179,8349,4405,16839
by_image,holdout_O012791,hist_gradient_boosting,HistGradientBoosting,B2_context,15,"SD,NDAI,AF,AN,BF,ndai_x_sd,af_df_gap,front_back_ratio,rad_cv,rad_range,local_SD_mean3,local_NDAI_std3,local_SD_std3,local_rad_std_std3,local_rad_mean_std3","{""l2_regularization"": 0.1, ""learning_rate"": 0.03, ""max_depth"": null, ""min_samples_leaf"": 100}",0.38059915931488464,214,0.9975849292137567,0.9970501683428604,0.976572582943774,0.9742324795370552,0.016963333736883655,0.9943550073175831,0.958790158569965,62702,2695,324,57072,0.9974692820411032,0.9595427869413379,0.9865550578569762,0.8879492600422833,0.011890273657355434,0.9935483870967742,0.9795617286171783,27223,568,15,2310,0.8856724184163093,0.7662637254535607,0.8310176599163615,0.7917625103077124,0.14922295797943436,0.8587365844473733,0.8032987353853496,26933,6595,3001,18243
by_image,holdout_O012791,hist_gradient_boosting,HistGradientBoosting,B2_context,15,"SD,NDAI,AF,AN,BF,ndai_x_sd,af_df_gap,front_back_ratio,rad_cv,rad_range,local_SD_mean3,local_NDAI_std3,local_SD_std3,local_rad_std_std3,local_rad_mean_std3","{""l2_regularization"": 0.0, ""learning_rate"": 0.1, ""max_depth"": null, ""min_samples_leaf"": 100}",0.3865641293132798,214,0.9993344548941704,0.9992235439707106,0.9852995703550451,0.983633584639956,0.010053086180496218,0.9979092619694753,0.972689878740615,63611,1786,120,57276,0.9975930940743174,0.9640925666414565,0.988281392250837,0.902734375,0.011116275446097218,0.993978494623656,0.982584289878018,27307,484,14,2311,0.8610873078326696,0.7230710950717272,0.8007319573405116,0.7578420681249599,0.17649479821845462,0.8341649406891357,0.7672989739918874,25726,7802,3523,17721
by_image,holdout_O012791,logistic_regression,Logistic Regression,B3_context_ae,18,"SD,NDAI,AF,AN,BF,ndai_x_sd,af_df_gap,front_back_ratio,rad_cv,rad_range,local_SD_mean3,local_NDAI_std3,local_SD_std3,local_rad_std_std3,local_rad_mean_std3,ae4,ae5,ae0","{""C"": 0.1}",0.23352545926467935,214,0.9672417747858264,0.9547554675228446,0.9116425241844028,0.9073286208551989,0.062030385810212356,0.95492717262527,0.8683578757435356,56788,8609,2587,54809,0.9726531409758633,0.7650615677607796,0.9336793647514106,0.6531217558950022,0.036947006157587094,0.9470967741935484,0.9202619553092728,25575,2216,123,2202,0.7910442359493837,0.6983052607374962,0.49211171997485353,0.5424206425946901,0.1974282943123969,0.9242138956881943,0.06000954426151277,2012,31516,1610,19634
by_image,holdout_O012791,logistic_regression,Logistic Regression,B3_context_ae,18,"SD,NDAI,AF,AN,BF,ndai_x_sd,af_df_gap,front_back_ratio,rad_cv,rad_range,local_SD_mean3,local_NDAI_std3,local_SD_std3,local_rad_std_std3,local_rad_mean_std3,ae4,ae5,ae0","{""C"": 1.0}",0.2426451427154406,214,0.9671912966515871,0.9559905461651957,0.914532187367072,0.910109646749311,0.06117021385534485,0.9522963272701931,0.876768047463951,57338,8059,2738,54658,0.9752437065763149,0.7812149620464202,0.9380445359621723,0.6692913385826772,0.03542213985172272,0.9505376344086022,0.9255514375157425,25722,2069,115,2210,0.7808558812524313,0.6945285173472029,0.48162063898929663,0.5367705506674342,0.21035539218571653,0.9218132178497458,0.04142806012884753,1389,32139,1661,19583
by_image,holdout_O012791,logistic_regression,Logistic Regression,B3_context_ae,18,"SD,NDAI,AF,AN,BF,ndai_x_sd,af_df_gap,front_back_ratio,rad_cv,rad_range,local_SD_mean3,local_NDAI_std3,local_SD_std3,local_rad_std_std3,local_rad_mean_std3,ae4,ae5,ae0","{""C"": 10.0}",0.27695069132764144,214,0.9670539061097678,0.956105590919069,0.9204103440000169,0.9158205929554861,0.06102774380889146,0.9445257509234093,0.8962949370766243,58615,6782,3184,54212,0.975758393198386,0.7848874837337707,0.9387372101202408,0.7081775321086002,0.03518257156108003,0.9367741935483871,0.9407002266920945,26143,1648,147,2178,0.7792995384079926,0.6943651265255222,0.5025891881227227,0.5440707513074535,0.21144631031580527,0.903502165317266,0.10167621092817943,3409,30119,2050,19194
by_image,holdout_O012791,random_forest,Random Forest,B3_context_ae,18,"SD,NDAI,AF,AN,BF,ndai_x_sd,af_df_gap,front_back_ratio,rad_cv,rad_range,local_SD_mean3,local_NDAI_std3,local_SD_std3,local_rad_std_std3,local_rad_mean_std3,ae4,ae5,ae0","{""max_depth"": 8, ""max_features"": ""sqrt"", ""min_samples_leaf"": 10}",0.7142230732151359,214,0.9966489875680665,0.9959128451124553,0.9731313092532627,0.9712796455564243,0.02279367951468663,0.9739703115199666,0.972292306986559,63585,1812,1494,55902,0.9968925965434001,0.9598197070652862,0.9780344298049612,0.8623298033282905,0.024137409164451312,0.9806451612903225,0.9754236983195999,27108,683,45,2280,0.8616220174575884,0.8372056324234511,0.8007173813833257,0.7558520488105978,0.20304168362646233,0.7493409903972886,0.8520937723693629,28569,4959,5325,15919
by_image,holdout_O012791,random_forest,Random Forest,B3_context_ae,18,"SD,NDAI,AF,AN,BF,ndai_x_sd,af_df_gap,front_back_ratio,rad_cv,rad_range,local_SD_mean3,local_NDAI_std3,local_SD_std3,local_rad_std_std3,local_rad_mean_std3,ae4,ae5,ae0","{""max_depth"": 8, ""max_features"": ""sqrt"", ""min_samples_leaf"": 50}",0.5454960810723203,214,0.9961214233822434,0.9952973321867044,0.9690558666864586,0.9663141402271838,0.024445411839601014,0.988588054916719,0.9495236784561983,62096,3301,655,56741,0.9969808280935694,0.9605958298552685,0.9776124706575154,0.8090320322072466,0.023728103210129577,0.993978494623656,0.9612464466913749,26714,1077,14,2311,0.8688657859171914,0.8420964058888387,0.8264671673854739,0.7869874223706925,0.14718168104215196,0.8261626812276407,0.8267716535433071,27720,5808,3693,17551
by_image,holdout_O012791,random_forest,Random Forest,B3_context_ae,18,"SD,NDAI,AF,AN,BF,ndai_x_sd,af_df_gap,front_back_ratio,rad_cv,rad_range,local_SD_mean3,local_NDAI_std3,local_SD_std3,local_rad_std_std3,local_rad_mean_std3,ae4,ae5,ae0","{""max_depth"": null, ""max_features"": ""sqrt"", ""min_samples_leaf"": 10}",0.5107564419104984,214,0.999744907869049,0.999711027345042,0.9909263177938878,0.9899992207184976,0.008965583772337622,0.9960275977420029,0.9858250378457727,64470,927,228,57168,0.9986070062908119,0.9844695710149883,0.9874546296607976,0.8965651077042499,0.013483471875626181,0.9935483870967742,0.9813608722248209,27273,518,15,2310,0.8277105385119533,0.7761794828804607,0.6889276744317797,0.6568108687879871,0.22099156975262343,0.8647618151007344,0.5130935337628251,17203,16325,2873,18371
by_image,holdout_O012791,random_forest,Random Forest,B3_context_ae,18,"SD,NDAI,AF,AN,BF,ndai_x_sd,af_df_gap,front_back_ratio,rad_cv,rad_range,local_SD_mean3,local_NDAI_std3,local_SD_std3,local_rad_std_std3,local_rad_mean_std3,ae4,ae5,ae0","{""max_depth"": null, ""max_features"": 0.5, ""min_samples_leaf"": 50}",0.5615438924089178,214,0.9987378870607444,0.9985592535380914,0.9813113509702593,0.9799134063912678,0.015215097373287426,0.983831625897275,0.9787910760432436,64010,1387,928,56468,0.9985083745298529,0.9828055558721039,0.9869421561788201,0.9124826354435404,0.013194987818158314,0.9888172043010752,0.985067108056565,27376,415,26,2299,0.884522556926933,0.8363984147255519,0.8194816195467051,0.7788879532057263,0.13119354636519232,0.8054509508567125,0.8335122882366977,27946,5582,4133,17111
by_image,holdout_O012791,hist_gradient_boosting,HistGradientBoosting,B3_context_ae,18,"SD,NDAI,AF,AN,BF,ndai_x_sd,af_df_gap,front_back_ratio,rad_cv,rad_range,local_SD_mean3,local_NDAI_std3,local_SD_std3,local_rad_std_std3,local_rad_mean_std3,ae4,ae5,ae0","{""l2_regularization"": 0.1, ""learning_rate"": 0.03, ""max_depth"": 3, ""min_samples_leaf"": 20}",0.6270933176896498,214,0.9945490444599566,0.9932162964268945,0.9670087668219539,0.964376939296796,0.027098654531061684,0.9801205658930936,0.9538969677508142,62382,3015,1141,56255,0.9961759647569047,0.9458355491631112,0.9787158525445114,0.828627944614278,0.02436497689068352,0.9909677419354839,0.9664639631535389,26859,932,21,2304,0.9271765453300082,0.8899275127279739,0.8354798374779931,0.7978660343805573,0.1128085173773782,0.8236678591602334,0.8472918157957529,28408,5120,3746,17498
by_image,holdout_O012791,hist_gradient_boosting,HistGradientBoosting,B3_context_ae,18,"SD,NDAI,AF,AN,BF,ndai_x_sd,af_df_gap,front_back_ratio,rad_cv,rad_range,local_SD_mean3,local_NDAI_std3,local_SD_std3,local_rad_std_std3,local_rad_mean_std3,ae4,ae5,ae0","{""l2_regularization"": 0.1, ""learning_rate"": 0.1, ""max_depth"": 3, ""min_samples_leaf"": 20}",0.6200302481986684,214,0.9982106391108905,0.9978899774333684,0.9800363842510447,0.9785543255717112,0.016248020285151564,0.9826120287128023,0.9774607397892869,63923,1474,998,56398,0.9982130054481164,0.9735139349712906,0.9867467807904082,0.9163839552983436,0.014004069559656645,0.9875268817204301,0.9859666798603864,27401,390,29,2296,0.8795266019726664,0.8230336365808525,0.8011739674157187,0.7583121025926481,0.1593793267290025,0.8336471474298626,0.7687007874015748,25773,7755,3534,17710
by_image,holdout_O012791,hist_gradient_boosting,HistGradientBoosting,B3_context_ae,18,"SD,NDAI,AF,AN,BF,ndai_x_sd,af_df_gap,front_back_ratio,rad_cv,rad_range,local_SD_mean3,local_NDAI_std3,local_SD_std3,local_rad_std_std3,local_rad_mean_std3,ae4,ae5,ae0","{""l2_regularization"": 0.1, ""learning_rate"": 0.03, ""max_depth"": null, ""min_samples_leaf"": 100}",0.397395788781595,214,0.999130637215329,0.9989941550310549,0.9833677692724209,0.9816930488644184,0.011525316338529181,0.9940762422468464,0.9726592962979953,63609,1788,340,57056,0.9986183815213636,0.9789296694142384,0.9898784127142577,0.9089481946624803,0.009974499861319144,0.9961290322580645,0.9836277931704509,27336,455,9,2316,0.9065542608215659,0.8285889466320494,0.8396326711653725,0.8011837618751474,0.14090420170993434,0.8793070984748634,0.7999582438558817,26821,6707,2564,18680
by_image,holdout_O012791,hist_gradient_boosting,HistGradientBoosting,B3_context_ae,18,"SD,NDAI,AF,AN,BF,ndai_x_sd,af_df_gap,front_back_ratio,rad_cv,rad_range,local_SD_mean3,local_NDAI_std3,local_SD_std3,local_rad_std_std3,local_rad_mean_std3,ae4,ae5,ae0","{""l2_regularization"": 0.0, ""learning_rate"": 0.1, ""max_depth"": null, ""min_samples_leaf"": 100}",0.46742032582867177,214,0.9999067815221641,0.9998932367072878,0.9949545407623758,0.9944021592911138,0.004430588677996592,0.9981357585894487,0.9917733229353028,64859,538,107,57289,0.9989110267383693,0.9837330063551339,0.9916432603887002,0.9308125502815768,0.008605211290178598,0.995268817204301,0.9880177035730993,27458,333,11,2314,0.8957098279993249,0.8035913965171492,0.8296945808236629,0.7900238948626045,0.1541359535469576,0.8715401995857653,0.7878489620615605,26415,7113,2729,18515
by_image,holdout_O013257,logistic_regression,Logistic Regression,B0_base,5,"SD,NDAI,AF,AN,BF","{""C"": 0.1}",0.329695334208795,214,0.9241558465394836,0.939856630481802,0.8722066736166914,0.884103726040634,0.1004283699019422,0.8841700128292708,0.8602433344041118,42847,6961,6952,53067,0.9813332387773916,0.4570824548874413,0.954881529284763,0.39417309340188517,0.043912206650477216,0.9623430962343096,0.9474199623352165,25154,1396,18,460,0.7313871210566971,0.6363427111533638,0.7095520491882771,0.5896139996209488,0.15896961223989725,0.45598006644518274,0.9631240319313714,48501,1857,11135,9333
by_image,holdout_O013257,logistic_regression,Logistic Regression,B0_base,5,"SD,NDAI,AF,AN,BF","{""C"": 1.0}",0.39493047750823634,214,0.9242306913336528,0.9400373282872705,0.8754624425683125,0.8818455126234157,0.1000663215758399,0.8601442876422466,0.8907805974943784,44368,5440,8394,51625,0.9810417700872279,0.46711060849152763,0.954243197881947,0.48520710059171596,0.04322041742907099,0.9435146443514645,0.9649717514124294,25620,930,27,451,0.7337204738558922,0.6390414226732188,0.6878419938683622,0.5486951402969455,0.15873596682183297,0.409859292554231,0.9658246951824934,48637,1721,12079,8389
by_image,holdout_O013257,logistic_regression,Logistic Regression,B0_base,5,"SD,NDAI,AF,AN,BF","{""C"": 10.0}",0.39429392417361736,214,0.9242380679997431,0.9400531388622794,0.8755237560038742,0.881947587290473,0.10002802533412389,0.8604275312817607,0.8906199807259878,44360,5448,8377,51642,0.9810087543042654,0.4682898400968299,0.9542055330985194,0.4846856528747985,0.04314167247801471,0.9435146443514645,0.9648964218455743,25618,932,27,451,0.7339818242016438,0.6393285896815879,0.6879397073723684,0.5488849650120986,0.158710503989746,0.4100547195622435,0.9658246951824934,48637,1721,12075,8393
by_image,holdout_O013257,random_forest,Random Forest,B0_base,5,"SD,NDAI,AF,AN,BF","{""max_depth"": 8, ""max_features"": ""sqrt"", ""min_samples_leaf"": 10}",0.6561835942731138,214,0.9898213081985973,0.9910614896006784,0.9381050020261545,0.9389318232671818,0.03943842689132564,0.9088955164198004,0.9673144876325088,48180,1628,5468,54551,0.9918768566453129,0.7715135371843775,0.9612316699367263,0.565896314803248,0.034917876323552845,0.9476987447698745,0.9747645951035782,25880,670,25,453,0.9621342795899903,0.8741738495072356,0.835787539602221,0.7796185001306506,0.06888560842442255,0.728845026382646,0.9427300528217959,47474,2884,5550,14918
by_image,holdout_O013257,random_forest,Random Forest,B0_base,5,"SD,NDAI,AF,AN,BF","{""max_depth"": 8, ""max_features"": ""sqrt"", ""min_samples_leaf"": 50}",0.6590521941199451,214,0.9891873397455084,0.9905050766948985,0.9354431816422283,0.9358386246814393,0.04077223010747303,0.9024475582732134,0.9684388050112431,48236,1572,5855,54164,0.9917975084509373,0.7736661459842041,0.9608636109338187,0.578005115089514,0.03483634620403658,0.9456066945606695,0.976120527306968,25916,634,26,452,0.9628260390216176,0.873780224682829,0.8309384152830983,0.7753996494768708,0.06780453557011294,0.7133085792456517,0.9485682513205449,47768,2590,5868,14600
by_image,holdout_O013257,random_forest,Random Forest,B0_base,5,"SD,NDAI,AF,AN,BF","{""max_depth"": null, ""max_features"": ""sqrt"", ""min_samples_leaf"": 10}",0.5692295352716483,214,0.9974251906239969,0.9978641534830796,0.971075454512485,0.973219964516453,0.02171028345163457,0.9687932154817641,0.9733576935432059,48481,1327,1873,58146,0.9928233616213192,0.7883146047935935,0.9610535895799353,0.5446910617876425,0.02798073964631166,0.9497907949790795,0.9723163841807909,25815,735,24,454,0.961579895452954,0.8760888114288758,0.8678541329443701,0.8170321035695577,0.0702824379350823,0.8001270275552081,0.9355812383335319,47114,3244,4091,16377
by_image,holdout_O013257,random_forest,Random Forest,B0_base,5,"SD,NDAI,AF,AN,BF","{""max_depth"": null, ""max_features"": 0.5, ""min_samples_leaf"": 50}",0.5890985242494126,214,0.9932984963865737,0.9943298467774219,0.9536534830813588,0.9562113399886921,0.03292603056101241,0.9439677435478765,0.963339222614841,47982,1826,3363,56656,0.9923683899487035,0.7974951607480312,0.9602335531758976,0.5477629987908101,0.03057591957214933,0.9476987447698745,0.9727683615819209,25827,723,25,453,0.9631777425363922,0.8791385368020596,0.8569346420803517,0.8049411525974026,0.06876967411819021,0.7752100840336135,0.93865920012709,47269,3089,4601,15867
by_image,holdout_O013257,hist_gradient_boosting,HistGradientBoosting,B0_base,5,"SD,NDAI,AF,AN,BF","{""l2_regularization"": 0.1, ""learning_rate"": 0.03, ""max_depth"": 3, ""min_samples_leaf"": 20}",0.6614614475159765,214,0.9814513455188809,0.983102412647702,0.9174306589507176,0.9189473956938915,0.05204813734865427,0.8864193005548243,0.9484420173466109,47240,2568,6817,53202,0.9872590202428511,0.539982347276726,0.9611100867550765,0.5456730769230769,0.04187192543894379,0.9497907949790795,0.9724293785310735,25818,732,24,454,0.9555802454620346,0.8544017760204939,0.826357113437147,0.7624636450209765,0.07304102801742894,0.7236662106703147,0.9290480162039795,46785,3573,5656,14812
by_image,holdout_O013257,hist_gradient_boosting,HistGradientBoosting,B0_base,5,"SD,NDAI,AF,AN,BF","{""l2_regularization"": 0.1, ""learning_rate"": 0.1, ""max_depth"": 3, ""min_samples_leaf"": 20}",0.6964661755728725,214,0.9892071177875267,0.990685883591117,0.9331599967778701,0.9328667320834672,0.04028083870923263,0.8949499325213682,0.971370061034372,48382,1426,6305,53714,0.9927816388120622,0.8482502729880256,0.95411665051336,0.5634870499052432,0.036241387445347786,0.9330543933054394,0.9751789077212806,25891,659,32,446,0.9651492834269306,0.8849112378476822,0.811305063950052,0.7531390072106684,0.06774307761304693,0.6608364275942935,0.9617737003058104,48433,1925,6942,13526
by_image,holdout_O013257,hist_gradient_boosting,HistGradientBoosting,B0_base,5,"SD,NDAI,AF,AN,BF","{""l2_regularization"": 0.1, ""learning_rate"": 0.03, ""max_depth"": null, ""min_samples_leaf"": 100}",0.5415841080088263,214,0.9921653998987697,0.9931989767341849,0.953684200345873,0.9572088112813896,0.03376127501212329,0.951698628767557,0.9556697719241889,47600,2208,2899,57120,0.9937488672986156,0.8579560361495586,0.9566177339668581,0.49079089924160346,0.030614300264286402,0.9476987447698745,0.9655367231638418,25635,915,25,453,0.9639624790118153,0.8780671736987148,0.8630423744647693,0.810969196093163,0.06998764044171094,0.7910396716826266,0.9350450772469121,47087,3271,4277,16191
by_image,holdout_O013257,hist_gradient_boosting,HistGradientBoosting,B0_base,5,"SD,NDAI,AF,AN,BF","{""l2_regularization"": 0.0, ""learning_rate"": 0.1, ""max_depth"": null, ""min_samples_leaf"": 100}",0.49109551169110655,214,0.99584767827055,0.9964998885611083,0.9661229439781162,0.9694989106753813,0.025142207141692904,0.9712757626751529,0.9609701252810794,47864,1944,1724,58295,0.9939461346319016,0.8734631475990506,0.9585865462654343,0.5050055617352615,0.0264729523539062,0.9497907949790795,0.9673822975517891,25684,866,24,454,0.9605542626306298,0.8716315130730555,0.8696421515247681,0.8155687447883455,0.0761545064813636,0.8123412155559898,0.9269430874935463,46679,3679,3841,16627
by_image,holdout_O013257,logistic_regression,Logistic Regression,B1_engineered,10,"SD,NDAI,AF,AN,BF,ndai_x_sd,af_df_gap,front_back_ratio,rad_cv,rad_range","{""C"": 0.1}",0.36319597640242357,214,0.9396895812872662,0.9538975819413084,0.8700123516205627,0.8827335321135207,0.0926244583729087,0.8854029557306853,0.8546217475104401,42567,7241,6878,53141,0.9820287765249116,0.6689790404699065,0.9443766793529222,0.3629807692307692,0.03817972609790264,0.9476987447698745,0.9410546139359699,24985,1565,25,453,0.7253196708984038,0.6377007469031701,0.6973301326659802,0.5668981107702245,0.16172573706358223,0.4288157123314442,0.9658445530005163,48638,1720,11691,8777
by_image,holdout_O013257,logistic_regression,Logistic Regression,B1_engineered,10,"SD,NDAI,AF,AN,BF,ndai_x_sd,af_df_gap,front_back_ratio,rad_cv,rad_range","{""C"": 1.0}",0.34776529829865743,214,0.9402432898604487,0.9541407559245284,0.8713678700454568,0.8849149263356317,0.09150118702116183,0.891667638581116,0.8510681015097976,42390,7418,6502,53517,0.9798554870024979,0.648369337454456,0.9403260604054875,0.34719014626635875,0.03774028088246032,0.9435146443514645,0.9371374764595104,24881,1669,27,451,0.7286912020272933,0.6455183537634435,0.702404144736817,0.5764502497118709,0.1608456418080926,0.43985733828415086,0.9649509511894833,48593,1765,11465,9003
by_image,holdout_O013257,logistic_regression,Logistic Regression,B1_engineered,10,"SD,NDAI,AF,AN,BF,ndai_x_sd,af_df_gap,front_back_ratio,rad_cv,rad_range","{""C"": 10.0}",0.3513949590021694,214,0.9403067070441078,0.9540584573472985,0.8720656141121753,0.8852665303453015,0.09126319501613823,0.8908345690531332,0.8532966591712174,42501,7307,6552,53467,0.9791010093846771,0.6342952868997743,0.939562521176591,0.34856700232378,0.037949309112895,0.9414225941422594,0.9377024482109227,24896,1654,28,450,0.7288790799986616,0.6467281090290442,0.7014667253328004,0.5746986406770966,0.16066159057918175,0.4379030682040258,0.9650303824615751,48597,1761,11505,8963
by_image,holdout_O013257,random_forest,Random Forest,B1_engineered,10,"SD,NDAI,AF,AN,BF,ndai_x_sd,af_df_gap,front_back_ratio,rad_cv,rad_range","{""max_depth"": 8, ""max_features"": ""sqrt"", ""min_samples_leaf"": 10}",0.5326963209516191,214,0.991055045566816,0.9921220710767553,0.950244744647919,0.953725714189717,0.03766666201740067,0.945883803462237,0.9546056858336011,47547,2261,3248,56771,0.9935628678817106,0.8713520210738454,0.9628443215217204,0.5412462908011869,0.03308964531590611,0.9539748953974896,0.9717137476459511,25799,751,22,456,0.957974658044066,0.8541281263563425,0.8498375027416556,0.7937503160236639,0.07269118094365565,0.766953292945085,0.9327217125382263,46970,3388,4770,15698
by_image,holdout_O013257,random_forest,Random Forest,B1_engineered,10,"SD,NDAI,AF,AN,BF,ndai_x_sd,af_df_gap,front_back_ratio,rad_cv,rad_range","{""max_depth"": 8, ""max_features"": ""sqrt"", ""min_samples_leaf"": 50}",0.5245455775715356,214,0.9904418697316681,0.9916119082175499,0.9481145260875121,0.9522597711348664,0.03892890918734736,0.9476665722521201,0.948562479922904,47246,2562,3141,56878,0.9937791645982554,0.8774381332496093,0.9625909115980742,0.5207977207977208,0.03310324191408676,0.9560669456066946,0.9691148775894539,25730,820,21,457,0.9580147476877751,0.8555008440925733,0.8511750802693209,0.7944110773251577,0.07275824202133031,0.7722298221614227,0.9301203383772191,46839,3519,4662,15806
by_image,holdout_O013257,random_forest,Random Forest,B1_engineered,10,"SD,NDAI,AF,AN,BF,ndai_x_sd,af_df_gap,front_back_ratio,rad_cv,rad_range","{""max_depth"": null, ""max_features"": ""sqrt"", ""min_samples_leaf"": 10}",0.542338607925791,214,0.9980281283745103,0.9983612728916778,0.9751453316619456,0.9774263167981868,0.019317268495291317,0.9771738949332711,0.97311676839062,48469,1339,1370,58649,0.9932702960388938,0.844347903287062,0.9637294439322664,0.5567765567765568,0.027429899160667386,0.9539748953974896,0.9734839924670433,25846,704,22,456,0.9582602160479377,0.8652369017934061,0.8703921712603423,0.8183906910097092,0.0731353216581961,0.8092143834277897,0.9315699590928949,46912,3446,3905,16563
by_image,holdout_O013257,random_forest,Random Forest,B1_engineered,10,"SD,NDAI,AF,AN,BF,ndai_x_sd,af_df_gap,front_back_ratio,rad_cv,rad_range","{""max_depth"": null, ""max_features"": 0.5, ""min_samples_leaf"": 50}",0.48876814823063036,214,0.9945802361081214,0.9954221887131184,0.9601914528115459,0.9647800511297355,0.029514174748424014,0.9714590379713091,0.9489238676517828,47264,2544,1713,58306,0.9932710052084566,0.8872110317162943,0.9605844345160706,0.5052631578947369,0.028782161620469808,0.9539748953974896,0.9671939736346516,25679,871,22,456,0.9599088762684699,0.8659377424163683,0.8788585832144988,0.8265383025794374,0.0716963880362534,0.830515927301153,0.9272012391278446,46692,3666,3469,16999
by_image,holdout_O013257,hist_gradient_boosting,HistGradientBoosting,B1_engineered,10,"SD,NDAI,AF,AN,BF,ndai_x_sd,af_df_gap,front_back_ratio,rad_cv,rad_range","{""l2_regularization"": 0.1, ""learning_rate"": 0.03, ""max_depth"": 3, ""min_samples_leaf"": 20}",0.6034522430018019,214,0.9844075590058222,0.985940655863247,0.9281659931657684,0.9316665675218614,0.05002328130641838,0.9133107849181092,0.9430212014134276,46970,2838,5203,54816,0.9933569723187481,0.8283692394659934,0.9633544508269705,0.5172219085262564,0.03938955191884517,0.9581589958158996,0.9685499058380415,25715,835,20,458,0.9567046138819395,0.8537687346030902,0.8255082800038183,0.759371098030222,0.07300157372854583,0.7279656048465898,0.9230509551610468,46483,3875,5568,14900
by_image,holdout_O013257,hist_gradient_boosting,HistGradientBoosting,B1_engineered,10,"SD,NDAI,AF,AN,BF,ndai_x_sd,af_df_gap,front_back_ratio,rad_cv,rad_range","{""l2_regularization"": 0.1, ""learning_rate"": 0.1, ""max_depth"": 3, ""min_samples_leaf"": 20}",0.6327653485189608,214,0.9918730240724124,0.9928428909315706,0.9508663364789928,0.9527142978506499,0.0343092336146353,0.9342374914610373,0.9674951814969482,48189,1619,3947,56072,0.9934413240983697,0.8662634722120461,0.9594769480493897,0.611716621253406,0.028661011096909206,0.9393305439330544,0.979623352165725,26009,541,29,449,0.9599447916761988,0.8684468780122103,0.8275010976130468,0.7722634010097755,0.0731534489948464,0.7024623803009576,0.9525398149251361,47968,2390,6090,14378
by_image,holdout_O013257,hist_gradient_boosting,HistGradientBoosting,B1_engineered,10,"SD,NDAI,AF,AN,BF,ndai_x_sd,af_df_gap,front_back_ratio,rad_cv,rad_range","{""l2_regularization"": 0.1, ""learning_rate"": 0.03, ""max_depth"": null, ""min_samples_leaf"": 100}",0.5814385580843116,214,0.993940334075171,0.9947328066882242,0.9591288355646368,0.9618473220885693,0.02933149921701985,0.9539145937119912,0.9643430774172823,48032,1776,2766,57253,0.9944553183777352,0.8798553342917201,0.9611837615929524,0.5843568196509373,0.024833530020001597,0.9456066945606695,0.9767608286252354,25933,617,26,452,0.960635514461424,0.8667183825042668,0.8476266430307018,0.7932394366197183,0.07395669738577405,0.7566933750244283,0.9385599110369752,47264,3094,4980,15488
by_image,holdout_O013257,hist_gradient_boosting,HistGradientBoosting,B1_engineered,10,"SD,NDAI,AF,AN,BF,ndai_x_sd,af_df_gap,front_back_ratio,rad_cv,rad_range","{""l2_regularization"": 0.0, ""learning_rate"": 0.1, ""max_depth"": null, ""min_samples_leaf"": 100}",0.6310705647336077,214,0.9971306943239255,0.9975928265347611,0.969847985738235,0.9712981137797697,0.020764799974206258,0.9604958429830553,0.9792001284934148,48772,1036,2371,57648,0.9944147381194399,0.8664226783075478,0.9628221796720484,0.6191780821917808,0.02211427699067863,0.9456066945606695,0.9800376647834275,26020,530,26,452,0.9574623849384586,0.8652179003474405,0.8365024346336862,0.7787958792773205,0.08052100680825816,0.7350009771350401,0.9380038921323325,47236,3122,5424,15044
by_image,holdout_O013257,logistic_regression,Logistic Regression,B2_context,15,"SD,NDAI,AF,AN,BF,ndai_x_sd,af_df_gap,front_back_ratio,rad_cv,rad_range,local_SD_mean3,local_NDAI_std3,local_SD_std3,local_rad_std_std3,local_rad_mean_std3","{""C"": 0.1}",0.4341204304110879,214,0.9519990579784653,0.9551721072889966,0.8943019863029561,0.8999991487115749,0.08026256325047522,0.8807377663739816,0.9078662062319306,45219,4589,7158,52861,0.9852765367310434,0.7498905222809197,0.9635976171902703,0.5544072948328268,0.026682556296590974,0.9539748953974896,0.9732203389830508,25839,711,22,456,0.7652632760146749,0.6964752330340829,0.6798121211360584,0.531486661663369,0.1559520887724585,0.380594098104358,0.9790301441677588,49302,1056,12678,7790
by_image,holdout_O013257,logistic_regression,Logistic Regression,B2_context,15,"SD,NDAI,AF,AN,BF,ndai_x_sd,af_df_gap,front_back_ratio,rad_cv,rad_range,local_SD_mean3,local_NDAI_std3,local_SD_std3,local_rad_std_std3,local_rad_mean_std3","{""C"": 1.0}",0.39820285541228684,214,0.9527086984747368,0.9565641779487457,0.8953376677800825,0.9030671954063634,0.07919417272272745,0.8935503757143571,0.8971249598458079,44684,5124,6389,53630,0.9836212561756849,0.7352481372483284,0.9616390484520405,0.5214408233276158,0.026845798403287536,0.9539748953974896,0.9693032015065913,25735,815,22,456,0.7666591123910044,0.7007216330277021,0.6878991767779905,0.5479627199623162,0.15575666417745018,0.3978405315614618,0.9779578219945192,49248,1110,12325,8143
by_image,holdout_O013257,logistic_regression,Logistic Regression,B2_context,15,"SD,NDAI,AF,AN,BF,ndai_x_sd,af_df_gap,front_back_ratio,rad_cv,rad_range,local_SD_mean3,local_NDAI_std3,local_SD_std3,local_rad_std_std3,local_rad_mean_std3","{""C"": 10.0}",0.39390846349578706,214,0.9527959586943522,0.9566836727675332,0.8955434323407611,0.9035062641890188,0.07895236613721475,0.8951665305986438,0.8959203340828783,44624,5184,6292,53727,0.9831118360399972,0.7304103048952086,0.9613188977929068,0.5164212910532276,0.026924518594068657,0.9539748953974896,0.9686629001883239,25718,832,22,456,0.7677573677025944,0.702320263731309,0.6896030169540128,0.5513723911146903,0.15550990749161517,0.40140707445769,0.9777989594503356,49240,1118,12252,8216
by_image,holdout_O013257,random_forest,Random Forest,B2_context,15,"SD,NDAI,AF,AN,BF,ndai_x_sd,af_df_gap,front_back_ratio,rad_cv,rad_range,local_SD_mean3,local_NDAI_std3,local_SD_std3,local_rad_std_std3,local_rad_mean_std3","{""max_depth"": 8, ""max_features"": ""sqrt"", ""min_samples_leaf"": 10}",0.5363610471355829,214,0.9932521757940268,0.993812027225931,0.9605518097406536,0.9646566539639841,0.032301264322014724,0.9679434845632217,0.9531601349180855,47475,2333,1924,58095,0.996843722667423,0.8959874106260566,0.971758661718239,0.5576923076923077,0.023456955462123334,0.9707112970711297,0.9728060263653484,25828,722,14,464,0.9722826942325313,0.8967049149760036,0.8887660452392063,0.8499483796238008,0.05901967370319338,0.8245554035567716,0.9529766869216411,47990,2368,3591,16877
by_image,holdout_O013257,random_forest,Random Forest,B2_context,15,"SD,NDAI,AF,AN,BF,ndai_x_sd,af_df_gap,front_back_ratio,rad_cv,rad_range,local_SD_mean3,local_NDAI_std3,local_SD_std3,local_rad_std_std3,local_rad_mean_std3","{""max_depth"": 8, ""max_features"": ""sqrt"", ""min_samples_leaf"": 50}",0.4679984542811223,214,0.9925889099140448,0.9932734072606904,0.9553313115037396,0.9619661194322716,0.034222055329977186,0.9801896066245689,0.9304730163829104,46345,3463,1189,58830,0.9966267955779338,0.901059349084801,0.9695860025687697,0.47922011287839916,0.02411409506526139,0.9769874476987448,0.9621845574387947,25546,1004,11,467,0.9722395310316846,0.8963112390613422,0.9089779490747751,0.86810551558753,0.05999720043429189,0.8754641391440297,0.9424917590055205,47462,2896,2549,17919
by_image,holdout_O013257,random_forest,Random Forest,B2_context,15,"SD,NDAI,AF,AN,BF,ndai_x_sd,af_df_gap,front_back_ratio,rad_cv,rad_range,local_SD_mean3,local_NDAI_std3,local_SD_std3,local_rad_std_std3,local_rad_mean_std3","{""max_depth"": null, ""max_features"": ""sqrt"", ""min_samples_leaf"": 10}",0.48427983643901096,214,0.999009412625931,0.9991758224734946,0.9820442688062583,0.9845393213836894,0.01511275051194465,0.9920358553124844,0.9720526823000322,48416,1392,478,59541,0.9975107754375181,0.9275753455942696,0.9786083729286339,0.5925457991156032,0.017452670405260294,0.9811715481171548,0.976045197740113,25914,636,9,469,0.9717745832355477,0.900797699851364,0.8993385064715026,0.8583779535294984,0.05978244114766758,0.8537228845026382,0.944954128440367,47586,2772,2994,17474
by_image,holdout_O013257,random_forest,Random Forest,B2_context,15,"SD,NDAI,AF,AN,BF,ndai_x_sd,af_df_gap,front_back_ratio,rad_cv,rad_range,local_SD_mean3,local_NDAI_std3,local_SD_std3,local_rad_std_std3,local_rad_mean_std3","{""max_depth"": null, ""max_features"": 0.5, ""min_samples_leaf"": 50}",0.5938995189481624,214,0.996643034877482,0.9971507831332325,0.9684509076676527,0.9706165905185061,0.023712204925277196,0.9645278994984922,0.9723739158368133,48432,1376,2129,57890,0.997252361928626,0.9129814741408453,0.9754772317172147,0.6567375886524822,0.019498274725308677,0.9686192468619247,0.9823352165725047,26081,469,15,463,0.9702494590558842,0.8942214834138901,0.8610286328003669,0.8192923004176846,0.06280974849657706,0.7618721907367598,0.960185074863974,48353,2005,4874,15594
by_image,holdout_O013257,hist_gradient_boosting,HistGradientBoosting,B2_context,15,"SD,NDAI,AF,AN,BF,ndai_x_sd,af_df_gap,front_back_ratio,rad_cv,rad_range,local_SD_mean3,local_NDAI_std3,local_SD_std3,local_rad_std_std3,local_rad_mean_std3","{""l2_regularization"": 0.1, ""learning_rate"": 0.03, ""max_depth"": 3, ""min_samples_leaf"": 20}",0.4889779968547594,214,0.9887245257012439,0.9897544409072405,0.9432521723150984,0.9515513360086131,0.04116535634097699,0.9718922341258601,0.9146121105043367,45555,4253,1687,58332,0.9955260462220962,0.8588430784807163,0.9688994476357075,0.4583741429970617,0.026204012288959265,0.9790794979079498,0.9587193973634651,25454,1096,10,468,0.9726096433879718,0.8910646474556606,0.8948436649132567,0.8577088975825058,0.06149338813464754,0.835499316005472,0.9541880138210413,48051,2307,3367,17101
by_image,holdout_O013257,hist_gradient_boosting,HistGradientBoosting,B2_context,15,"SD,NDAI,AF,AN,BF,ndai_x_sd,af_df_gap,front_back_ratio,rad_cv,rad_range,local_SD_mean3,local_NDAI_std3,local_SD_std3,local_rad_std_std3,local_rad_mean_std3","{""l2_regularization"": 0.1, ""learning_rate"": 0.1, ""max_depth"": 3, ""min_samples_leaf"": 20}",0.5107255532316064,214,0.9950199000587387,0.9956120820125556,0.9654091128785232,0.9693471040840159,0.025860513913346022,0.9750079141605158,0.9558103115965306,47607,2201,1500,58519,0.9957634998305873,0.885114020343791,0.9687045048026539,0.575,0.019524290535605136,0.9623430962343096,0.9750659133709981,25888,662,18,460,0.9755343246168261,0.9095275805394365,0.8859561300323608,0.8513853904282116,0.059348418403887056,0.8091655266757866,0.9627467333889352,48482,1876,3906,16562
by_image,holdout_O013257,hist_gradient_boosting,HistGradientBoosting,B2_context,15,"SD,NDAI,AF,AN,BF,ndai_x_sd,af_df_gap,front_back_ratio,rad_cv,rad_range,local_SD_mean3,local_NDAI_std3,local_SD_std3,local_rad_std_std3,local_rad_mean_std3","{""l2_regularization"": 0.1, ""learning_rate"": 0.03, ""max_depth"": null, ""min_samples_leaf"": 100}",0.5059393107752475,214,0.9969052661244489,0.9973296759966107,0.9723133276240016,0.9754504075016789,0.020603067404353,0.9801229610623302,0.9645036941856729,48040,1768,1193,58826,0.9970505637898022,0.9167548591667434,0.9733303390618475,0.6076115485564304,0.01680634727406159,0.9686192468619247,0.9780414312617702,25967,583,15,463,0.9746293827576222,0.9080183265093442,0.8897422227032288,0.853768193248495,0.059706875400891514,0.8210865741645496,0.9583978712419079,48263,2095,3662,16806
by_image,holdout_O013257,hist_gradient_boosting,HistGradientBoosting,B2_context,15,"SD,NDAI,AF,AN,BF,ndai_x_sd,af_df_gap,front_back_ratio,rad_cv,rad_range,local_SD_mean3,local_NDAI_std3,local_SD_std3,local_rad_std_std3,local_rad_mean_std3","{""l2_regularization"": 0.0, ""learning_rate"": 0.1, ""max_depth"": null, ""min_samples_leaf"": 100}",0.3145186789628228,214,0.9990647386251448,0.9992130192809712,0.9796783665670985,0.9830313394060969,0.011874719184210307,0.9961178959996001,0.9632388371345969,47977,1831,233,59786,0.9971530781898841,0.9005279614698113,0.9771959435501028,0.5657418576598311,0.014616968172060102,0.9811715481171548,0.9732203389830508,25839,711,9,469,0.974130017039692,0.9122004164117206,0.9100118255887029,0.868227521520025,0.06304785663015329,0.8796169630642955,0.9404066881131101,47357,3001,2464,18004
by_image,holdout_O013257,logistic_regression,Logistic Regression,B3_context_ae,18,"SD,NDAI,AF,AN,BF,ndai_x_sd,af_df_gap,front_back_ratio,rad_cv,rad_range,local_SD_mean3,local_NDAI_std3,local_SD_std3,local_rad_std_std3,local_rad_mean_std3,ae4,ae5,ae0","{""C"": 0.1}",0.5471395433164168,214,0.9564409820924734,0.9588643277693758,0.8958785397767846,0.8959834680349903,0.07601890142338605,0.8524300638131258,0.9393270157404433,46786,3022,8857,51162,0.9765048184131937,0.75482760621017,0.9538513423003885,0.5983827493261455,0.028765366365152836,0.9288702928870293,0.9788323917137477,25988,562,34,444,0.6940339337628102,0.6222662259933031,0.6561890869581729,0.48066533977822007,0.16807687929627607,0.33036935704514364,0.9820088168712022,49452,906,13706,6762
by_image,holdout_O013257,logistic_regression,Logistic Regression,B3_context_ae,18,"SD,NDAI,AF,AN,BF,ndai_x_sd,af_df_gap,front_back_ratio,rad_cv,rad_range,local_SD_mean3,local_NDAI_std3,local_SD_std3,local_rad_std_std3,local_rad_mean_std3,ae4,ae5,ae0","{""C"": 1.0}",0.36324767292443927,214,0.9569243510836624,0.9603017980125176,0.902285963390745,0.9109446629424585,0.0750571115944616,0.9088122094670021,0.8957597173144877,44616,5192,5473,54546,0.9750432987416179,0.744478698835301,0.9530019147578186,0.4445534838076546,0.028761110550365874,0.9476987447698745,0.9583050847457627,25443,1107,25,453,0.6935095517346531,0.6252996712642416,0.687186346307633,0.5467148884870404,0.16794822801397707,0.39881766660152435,0.9755550260137416,49127,1231,12305,8163
by_image,holdout_O013257,logistic_regression,Logistic Regression,B3_context_ae,18,"SD,NDAI,AF,AN,BF,ndai_x_sd,af_df_gap,front_back_ratio,rad_cv,rad_range,local_SD_mean3,local_NDAI_std3,local_SD_std3,local_rad_std_std3,local_rad_mean_std3,ae4,ae5,ae0","{""C"": 10.0}",0.5301998803446204,214,0.9569456080047294,0.9605988199099136,0.8983837334554947,0.8996869020699252,0.07497542685041972,0.861777103917093,0.9349903629938966,46570,3238,8296,51723,0.9748015507174432,0.7385977084747866,0.9523447509632886,0.5677749360613811,0.0290727722846408,0.9288702928870293,0.975819209039548,25908,642,34,444,0.6938966433597121,0.6263305666910655,0.6602853323962399,0.48974549048678034,0.16772038088881924,0.3389192886456908,0.981651376146789,49434,924,13531,6937
by_image,holdout_O013257,random_forest,Random Forest,B3_context_ae,18,"SD,NDAI,AF,AN,BF,ndai_x_sd,af_df_gap,front_back_ratio,rad_cv,rad_range,local_SD_mean3,local_NDAI_std3,local_SD_std3,local_rad_std_std3,local_rad_mean_std3,ae4,ae5,ae0","{""max_depth"": 8, ""max_features"": ""sqrt"", ""min_samples_leaf"": 10}",0.41318350807864,214,0.9965248856212664,0.9968389307505402,0.9722117845638099,0.9765326810529512,0.022958044747258034,0.9911028174411436,0.9533207516864761,47483,2325,534,59485,0.9975121543783341,0.9144927302780668,0.9765265662797753,0.5717776420281002,0.01548175087038792,0.9790794979079498,0.9739736346516008,25859,691,10,468,0.9756766216776293,0.9133152704959463,0.9153718744514312,0.8763985211318658,0.058283266651065466,0.885968340824702,0.9447754080781604,47577,2781,2334,18134
by_image,holdout_O013257,random_forest,Random Forest,B3_context_ae,18,"SD,NDAI,AF,AN,BF,ndai_x_sd,af_df_gap,front_back_ratio,rad_cv,rad_range,local_SD_mean3,local_NDAI_std3,local_SD_std3,local_rad_std_std3,local_rad_mean_std3,ae4,ae5,ae0","{""max_depth"": 8, ""max_features"": ""sqrt"", ""min_samples_leaf"": 50}",0.4334673939445271,214,0.9961154570701396,0.9965008431148716,0.9709111532579411,0.9752727392218717,0.024735198842387517,0.989003482230627,0.9528188242852553,47458,2350,660,59359,0.9974265812511327,0.9121881543472565,0.9784200490114965,0.5888261142498431,0.015435678435527506,0.9811715481171548,0.9756685499058381,25904,646,9,469,0.9754602735250082,0.9142383072330297,0.9004341432443568,0.8630674480977452,0.06013015856759928,0.8489837795583349,0.9518845069303785,47935,2423,3091,17377
by_image,holdout_O013257,random_forest,Random Forest,B3_context_ae,18,"SD,NDAI,AF,AN,BF,ndai_x_sd,af_df_gap,front_back_ratio,rad_cv,rad_range,local_SD_mean3,local_NDAI_std3,local_SD_std3,local_rad_std_std3,local_rad_mean_std3,ae4,ae5,ae0","{""max_depth"": null, ""max_features"": ""sqrt"", ""min_samples_leaf"": 10}",0.3504419594380675,214,0.9996985291176694,0.9997504187635411,0.9846821792517604,0.9873253008079195,0.00965856138638378,0.9987170729269065,0.9706472855766142,48346,1462,77,59942,0.9980701920273582,0.9437134835827236,0.9803426076952777,0.587281795511222,0.011868370072745549,0.9853556485355649,0.9753295668549906,25895,655,7,471,0.9771433026728157,0.925253869109459,0.921529421163892,0.8785807214665878,0.055727424504816034,0.9073187414500684,0.9357401008777155,47122,3236,1897,18571
by_image,holdout_O013257,random_forest,Random Forest,B3_context_ae,18,"SD,NDAI,AF,AN,BF,ndai_x_sd,af_df_gap,front_back_ratio,rad_cv,rad_range,local_SD_mean3,local_NDAI_std3,local_SD_std3,local_rad_std_std3,local_rad_mean_std3,ae4,ae5,ae0","{""max_depth"": null, ""max_features"": 0.5, ""min_samples_leaf"": 50}",0.21249008818468124,214,0.9985542838353891,0.9987975338441651,0.9589350114218836,0.9668994886519445,0.016483498127975456,0.9987004115363468,0.9191696113074205,45782,4026,78,59941,0.9975640813496284,0.9236126533112924,0.9754597388680077,0.44361602982292636,0.011717859414769742,0.99581589958159,0.9551035781544256,25358,1192,2,476,0.9740955612805473,0.9173064968493354,0.923468111957237,0.8754175946547884,0.06584950815018732,0.9217803400429939,0.9251558838714802,46589,3769,1601,18867
by_image,holdout_O013257,hist_gradient_boosting,HistGradientBoosting,B3_context_ae,18,"SD,NDAI,AF,AN,BF,ndai_x_sd,af_df_gap,front_back_ratio,rad_cv,rad_range,local_SD_mean3,local_NDAI_std3,local_SD_std3,local_rad_std_std3,local_rad_mean_std3,ae4,ae5,ae0","{""l2_regularization"": 0.1, ""learning_rate"": 0.03, ""max_depth"": 3, ""min_samples_leaf"": 20}",0.25388343012656667,214,0.9939716327221297,0.9946562747575173,0.9360577075691745,0.9492146596858638,0.030116443841773817,0.9968343357936653,0.8752810793446836,43596,6212,190,59829,0.9951588933802961,0.8557289891003032,0.9716179309584032,0.4051063829787234,0.017498481339386505,0.99581589958159,0.9474199623352165,25154,1396,2,476,0.9725214779939946,0.8980735952956723,0.9313832113911181,0.8859925788497217,0.06808506679184709,0.9332616767637287,0.9295047460185075,46808,3550,1366,19102
by_image,holdout_O013257,hist_gradient_boosting,HistGradientBoosting,B3_context_ae,18,"SD,NDAI,AF,AN,BF,ndai_x_sd,af_df_gap,front_back_ratio,rad_cv,rad_range,local_SD_mean3,local_NDAI_std3,local_SD_std3,local_rad_std_std3,local_rad_mean_std3,ae4,ae5,ae0","{""l2_regularization"": 0.1, ""learning_rate"": 0.1, ""max_depth"": 3, ""min_samples_leaf"": 20}",0.2398968779517402,214,0.9981752228161264,0.9984555056184994,0.968795915498105,0.9742962654992785,0.01617466401109996,0.9956347156733701,0.9419571153228397,46917,2891,262,59757,0.9964076621831391,0.8950558686305883,0.9699438180113309,0.48393782383419687,0.01271803001221238,0.9769874476987448,0.9629001883239171,25565,985,11,467,0.9778231491599685,0.9220832079579,0.9198978881658759,0.8844238198206954,0.06311590709473172,0.8892417432089115,0.9505540331228405,47868,2490,2267,18201
by_image,holdout_O013257,hist_gradient_boosting,HistGradientBoosting,B3_context_ae,18,"SD,NDAI,AF,AN,BF,ndai_x_sd,af_df_gap,front_back_ratio,rad_cv,rad_range,local_SD_mean3,local_NDAI_std3,local_SD_std3,local_rad_std_std3,local_rad_mean_std3,ae4,ae5,ae0","{""l2_regularization"": 0.1, ""learning_rate"": 0.03, ""max_depth"": null, ""min_samples_leaf"": 100}",0.21135700579532507,214,0.9990039440182202,0.9991707286514427,0.9732904736232819,0.9779997057910136,0.012395205454834727,0.9969343041370233,0.9496466431095406,47300,2508,184,59835,0.9978564168025909,0.9357352976260798,0.9769048688430293,0.5433526011560693,0.009894159626591459,0.9832635983263598,0.9705461393596987,25768,782,8,470,0.9789047875681879,0.9249059065475641,0.9215169387187736,0.8860176476292059,0.061367019685148315,0.8928571428571429,0.9501767345804043,47849,2509,2193,18275
by_image,holdout_O013257,hist_gradient_boosting,HistGradientBoosting,B3_context_ae,18,"SD,NDAI,AF,AN,BF,ndai_x_sd,af_df_gap,front_back_ratio,rad_cv,rad_range,local_SD_mean3,local_NDAI_std3,local_SD_std3,local_rad_std_std3,local_rad_mean_std3,ae4,ae5,ae0","{""l2_regularization"": 0.0, ""learning_rate"": 0.1, ""max_depth"": null, ""min_samples_leaf"": 100}",0.1313985901539261,214,0.9998975960723049,0.9999153695760523,0.9817904910205997,0.985093983419519,0.004622755740303867,0.9998000633132841,0.9637809187279152,48004,1804,12,60007,0.9981230645580691,0.939660347162395,0.9799573710296354,0.561570493753718,0.00879210036376837,0.9874476987447699,0.972467043314501,25819,731,6,472,0.9780097028240471,0.9271820447366192,0.9301690253462365,0.8886328363824484,0.05987759734034849,0.9231483290990815,0.9371897215933913,47195,3163,1573,18895
by_image,holdout_O013490,logistic_regression,Logistic Regression,B0_base,5,"SD,NDAI,AF,AN,BF","{""C"": 0.1}",0.36353861575981117,214,0.8849020005622578,0.7527128416488593,0.8443934432689366,0.8100594586666365,0.15640286286903382,0.9005142355449642,0.788272650992909,47912,12869,3966,35899,0.9235746697680969,0.612600015417707,0.8838867358556024,0.5353967731313797,0.10583940053375343,0.8803465078505684,0.8874269638606362,20504,2601,221,1626,0.9591533254054134,0.9180063167047299,0.9374153351071512,0.936071752301894,0.08912910622131628,0.9997197666420401,0.8751109035722624,37481,5349,11,39242
by_image,holdout_O013490,logistic_regression,Logistic Regression,B0_base,5,"SD,NDAI,AF,AN,BF","{""C"": 1.0}",0.3669236497823571,214,0.8847918254934181,0.7529714672066723,0.8469306615112195,0.8129863038631296,0.15628037804789655,0.8963752665245203,0.7974860564979187,48472,12309,4131,35734,0.9247252983513625,0.6166132919939212,0.8854864805300816,0.5492192803801765,0.10558281903384653,0.8760151597184623,0.8949578013417009,20678,2427,229,1618,0.9592234869446308,0.9183490867871009,0.9398467031395719,0.9383991676532846,0.08880839248729643,0.9995159605635238,0.8801774457156198,37698,5132,19,39234
by_image,holdout_O013490,logistic_regression,Logistic Regression,B0_base,5,"SD,NDAI,AF,AN,BF","{""C"": 10.0}",0.3676921552212038,214,0.8847803972618937,0.7530009786129069,0.847495283048098,0.8136431493658192,0.1562673343033831,0.8954973033989715,0.7994932626972244,48594,12187,4166,35699,0.9248410571685697,0.6170501455380595,0.8860813847753957,0.5527260297385063,0.10555572548532095,0.8754737412019491,0.8966890283488422,20718,2387,230,1617,0.9592277975407404,0.9183773920230425,0.9403486877298124,0.9388819756868,0.08878082588909222,0.9995159605635238,0.8811814148961009,37741,5089,19,39234
by_image,holdout_O013490,random_forest,Random Forest,B0_base,5,"SD,NDAI,AF,AN,BF","{""max_depth"": 8, ""max_features"": ""sqrt"", ""min_samples_leaf"": 10}",0.5379186064253155,214,0.974965926249591,0.9532557003567869,0.9289700256504596,0.9057771343172053,0.060365037175185175,0.9730089050545592,0.8849311462463599,53787,6994,1076,38789,0.9910495001339779,0.9154156087874714,0.9559622762167066,0.7126984126984127,0.044255667264365604,0.9723876556578235,0.9395368967755897,21708,1397,51,1796,0.9691175508481266,0.9560444625341109,0.9245198112219432,0.9235834591292151,0.06744953221599528,0.9897587445545564,0.8592808778893299,36803,6027,402,38851
by_image,holdout_O013490,random_forest,Random Forest,B0_base,5,"SD,NDAI,AF,AN,BF","{""max_depth"": 8, ""max_features"": ""sqrt"", ""min_samples_leaf"": 50}",0.46918455837997947,214,0.9736325455596627,0.9505738433144524,0.9224751800022299,0.8963355337673184,0.062228166876841594,0.9826414147748652,0.8623089452295948,52412,8369,692,39173,0.991915886925194,0.9217386938880928,0.9613340008602239,0.7114933541829555,0.03968614409428073,0.9853817000541418,0.937286301666306,21656,1449,27,1820,0.9695217609830191,0.9565418492627492,0.925801297555453,0.9249514517122153,0.06468991020062373,0.9950067510763508,0.8565958440345552,36688,6142,196,39057
by_image,holdout_O013490,random_forest,Random Forest,B0_base,5,"SD,NDAI,AF,AN,BF","{""max_depth"": null, ""max_features"": ""sqrt"", ""min_samples_leaf"": 10}",0.45604223891041307,214,0.9928692977601004,0.9891040498473325,0.9514686826186485,0.9331358492801707,0.037474242471375846,0.9877336009030477,0.9152037643342492,55627,5154,489,39376,0.987857954558103,0.8717331579854409,0.9499679027044798,0.6755689298476585,0.042753193327984565,0.9723876556578235,0.9275481497511361,21431,1674,51,1796,0.9567691351135383,0.9354505022687452,0.9188429985310723,0.9182626377263915,0.07077760556369765,0.9894020839171528,0.8482839131449919,36332,6498,416,38837
by_image,holdout_O013490,random_forest,Random Forest,B0_base,5,"SD,NDAI,AF,AN,BF","{""max_depth"": null, ""max_features"": 0.5, ""min_samples_leaf"": 50}",0.4798800467075517,214,0.982430962556244,0.9711877729668378,0.9322989793998254,0.9092794556301268,0.05337099670716281,0.9787783770224507,0.8858195817772001,53841,6940,846,39019,0.9908298161438325,0.9034514058577906,0.9612776445939519,0.7279678068410462,0.03826154262537875,0.9794260963724959,0.943129192815408,21791,1314,38,1809,0.9615535556710691,0.9436075488285783,0.9182775496773004,0.917415235054445,0.06902240130202374,0.9808931801390977,0.8556619192155032,36648,6182,750,38503
by_image,holdout_O013490,hist_gradient_boosting,HistGradientBoosting,B0_base,5,"SD,NDAI,AF,AN,BF","{""l2_regularization"": 0.1, ""learning_rate"": 0.03, ""max_depth"": 3, ""min_samples_leaf"": 20}",0.614399268188849,214,0.9620125284923453,0.9272611200575133,0.9105968362444719,0.8851363976083707,0.07424030922946112,0.9506584723441616,0.8705352001447821,52912,7869,1967,37898,0.993267382832569,0.924828118496886,0.9656273524493945,0.7586496120780037,0.03685936138059352,0.9794260963724959,0.951828608526293,21992,1113,38,1809,0.9755114220120046,0.9634860204224543,0.9335436640931787,0.9321009171003762,0.05614189256944779,0.987797111048837,0.8792902171375204,37660,5170,479,38774
by_image,holdout_O013490,hist_gradient_boosting,HistGradientBoosting,B0_base,5,"SD,NDAI,AF,AN,BF","{""l2_regularization"": 0.1, ""learning_rate"": 0.1, ""max_depth"": 3, ""min_samples_leaf"": 20}",0.40239612570818023,214,0.9740402809730451,0.9525369589437688,0.92156777569535,0.895605593090079,0.06082706749853104,0.97928007023705,0.86385548115365,52506,8275,826,39039,0.9917835727224892,0.9100304854416886,0.9615622495968652,0.7055867001739803,0.03444340948703442,0.9880887926367081,0.9350357065570223,21604,1501,22,1825,0.9690554448357634,0.9565627739747695,0.9243619450820539,0.9235200682771864,0.06244586227865505,0.9924082235752681,0.8563156665888396,36676,6154,298,38955
by_image,holdout_O013490,hist_gradient_boosting,HistGradientBoosting,B0_base,5,"SD,NDAI,AF,AN,BF","{""l2_regularization"": 0.1, ""learning_rate"": 0.03, ""max_depth"": null, ""min_samples_leaf"": 100}",0.422433669714167,214,0.9787397989512377,0.9629892129394779,0.9290756264964797,0.904525163508011,0.055835514694435935,0.9835193779004139,0.8746318750925454,53161,7620,657,39208,0.9889673411336185,0.8628801651010127,0.9622114597245432,0.7097025082636593,0.03665430414161006,0.9880887926367081,0.9363341268123783,21634,1471,22,1825,0.9728833915824914,0.9635801442999093,0.920342737120512,0.9197138972631081,0.06595236283114955,0.9909306295060251,0.8497548447349988,36395,6435,356,38897
by_image,holdout_O013490,hist_gradient_boosting,HistGradientBoosting,B0_base,5,"SD,NDAI,AF,AN,BF","{""l2_regularization"": 0.0, ""learning_rate"": 0.1, ""max_depth"": null, ""min_samples_leaf"": 100}",0.35190669043906936,214,0.985690760874474,0.97573553359873,0.9378954833440438,0.9145849468829113,0.045669699403292914,0.9923240938166311,0.8834668728714565,53698,7083,306,39559,0.9877980833479888,0.8592662561496941,0.9603083402470326,0.6893825301204819,0.037789884451019905,0.9913373037357878,0.9292793767582774,21471,1634,16,1831,0.971129773930915,0.9623038067801841,0.9179524387133549,0.9173793217652555,0.06690040211467095,0.9879244898479097,0.8479803875787999,36319,6511,474,38779
by_image,holdout_O013490,logistic_regression,Logistic Regression,B1_engineered,10,"SD,NDAI,AF,AN,BF,ndai_x_sd,af_df_gap,front_back_ratio,rad_cv,rad_range","{""C"": 0.1}",0.3883310561371918,214,0.8817564705272786,0.7491163185539517,0.8517877269736761,0.8195272965410489,0.144344238001198,0.8632635143609683,0.840311939586384,51075,9706,5451,34414,0.9370952761849548,0.6810173148021624,0.8841430924265028,0.6070175438596491,0.08585392166184432,0.8429886302111532,0.9252975546418524,21379,1726,290,1557,0.9691958098483815,0.9480376890160547,0.9329504131733435,0.9317911654224715,0.06587817270104895,0.9984714544111278,0.8674293719355591,37152,5678,60,39193
by_image,holdout_O013490,logistic_regression,Logistic Regression,B1_engineered,10,"SD,NDAI,AF,AN,BF,ndai_x_sd,af_df_gap,front_back_ratio,rad_cv,rad_range","{""C"": 1.0}",0.3910155824226771,214,0.8807675997804018,0.7508627106805017,0.8508882513609541,0.8186013150029886,0.14374786924129093,0.8588486140724947,0.8429278886494135,51234,9547,5627,34238,0.9422326243730659,0.702490481133909,0.8888508910441222,0.6273092369477912,0.0830426052863696,0.8456957227937195,0.932006059294525,21534,1571,285,1562,0.969222846987358,0.949654000500941,0.9344042677364004,0.9331506196377503,0.065280241636244,0.9975033755381755,0.8713051599346253,37318,5512,98,39155
by_image,holdout_O013490,logistic_regression,Logistic Regression,B1_engineered,10,"SD,NDAI,AF,AN,BF,ndai_x_sd,af_df_gap,front_back_ratio,rad_cv,rad_range","{""C"": 10.0}",0.39341125216737105,214,0.8803076170727263,0.7511647914887651,0.8500499042612708,0.8176959762264241,0.1437591241721887,0.8558886241063589,0.8442111844161827,51312,9469,5745,34120,0.9427111019618423,0.7062954431380698,0.8892395969671658,0.634881825590872,0.08251482627635796,0.8435300487276665,0.9349491452066653,21602,1503,289,1558,0.9689017078745955,0.9494087581304888,0.93495182883568,0.9336594094840441,0.06542046770511574,0.9969174330624411,0.872986224608919,37390,5440,121,39132
by_image,holdout_O013490,random_forest,Random Forest,B1_engineered,10,"SD,NDAI,AF,AN,BF,ndai_x_sd,af_df_gap,front_back_ratio,rad_cv,rad_range","{""max_depth"": 8, ""max_features"": ""sqrt"", ""min_samples_leaf"": 10}",0.5003542667770349,214,0.9747982235243102,0.9520116348537242,0.9260233479170363,0.9009953458365973,0.060431395404968336,0.9809356578452276,0.8711110379888451,52947,7834,760,39105,0.993103375552886,0.9320974777954805,0.9636282867214678,0.7234464959301171,0.03843384421161946,0.9864645370871684,0.9407920363557671,21737,1368,25,1822,0.9789445649667238,0.9733471159833689,0.924365920799509,0.9234371285951984,0.06099153599251617,0.9897077930349273,0.8590240485640905,36792,6038,404,38849
by_image,holdout_O013490,random_forest,Random Forest,B1_engineered,10,"SD,NDAI,AF,AN,BF,ndai_x_sd,af_df_gap,front_back_ratio,rad_cv,rad_range","{""max_depth"": 8, ""max_features"": ""sqrt"", ""min_samples_leaf"": 50}",0.4984318445914171,214,0.9736386810478702,0.9499916424241306,0.9234383827289727,0.897898657347802,0.062157646968010356,0.9796814248087294,0.867195340649216,52709,8072,810,39055,0.9927200240609622,0.9290934221827674,0.9632820413200396,0.7211557490599644,0.03686731458342953,0.9864645370871684,0.9400995455529106,21721,1384,25,1822,0.978277114037644,0.9721164016098078,0.9271077005263346,0.9261697206902686,0.060228350277333864,0.9947010419585764,0.8595143590940929,36813,6017,208,39045
by_image,holdout_O013490,random_forest,Random Forest,B1_engineered,10,"SD,NDAI,AF,AN,BF,ndai_x_sd,af_df_gap,front_back_ratio,rad_cv,rad_range","{""max_depth"": null, ""max_features"": ""sqrt"", ""min_samples_leaf"": 10}",0.4691538510585349,214,0.9939767475005047,0.9908416874675353,0.9551885734242507,0.9381275085454307,0.03532300186446159,0.9879342781888875,0.922442868659614,56067,4714,481,39384,0.9900628085315186,0.8965197859085836,0.9546066795415153,0.726938775510204,0.03686140666523044,0.9642663779101245,0.9449469811729063,21833,1272,66,1781,0.96569268766405,0.947719726473677,0.9163305006425775,0.915753692364179,0.06700219026982959,0.9848673986701654,0.8477936026149895,36311,6519,594,38659
by_image,holdout_O013490,random_forest,Random Forest,B1_engineered,10,"SD,NDAI,AF,AN,BF,ndai_x_sd,af_df_gap,front_back_ratio,rad_cv,rad_range","{""max_depth"": null, ""max_features"": 0.5, ""min_samples_leaf"": 50}",0.3668991379143016,214,0.9840264994321284,0.9740682599701557,0.9271996474800597,0.9014506338664137,0.0511311616550204,0.9890630879217358,0.8653362070383837,52596,8185,436,39429,0.9912459151958872,0.9084890669497322,0.9603075200934694,0.694941042221377,0.03447846400105932,0.9891716296697347,0.931443410517204,21521,1584,20,1827,0.9654416928409826,0.9483223061696722,0.9152487593147345,0.9150567814823078,0.06663186122600587,0.9925101266145263,0.8379873920149428,35891,6939,294,38959
by_image,holdout_O013490,hist_gradient_boosting,HistGradientBoosting,B1_engineered,10,"SD,NDAI,AF,AN,BF,ndai_x_sd,af_df_gap,front_back_ratio,rad_cv,rad_range","{""l2_regularization"": 0.1, ""learning_rate"": 0.03, ""max_depth"": 3, ""min_samples_leaf"": 20}",0.5885653092061891,214,0.9636289854164751,0.9309644355839459,0.9124355927213115,0.886378106803422,0.07315029917875822,0.9603411513859275,0.8645300340566954,52547,8234,1581,38284,0.9925312598601499,0.9119506415151749,0.9620028009415832,0.7313131313131314,0.03765644910191219,0.9799675148890092,0.9440380869941571,21812,1293,37,1810,0.9803186285935135,0.9729922241540626,0.9369468336238798,0.935525984836689,0.05490727523631052,0.9949303237969073,0.8789633434508523,37646,5184,199,39054
by_image,holdout_O013490,hist_gradient_boosting,HistGradientBoosting,B1_engineered,10,"SD,NDAI,AF,AN,BF,ndai_x_sd,af_df_gap,front_back_ratio,rad_cv,rad_range","{""l2_regularization"": 0.1, ""learning_rate"": 0.1, ""max_depth"": 3, ""min_samples_leaf"": 20}",0.30662210346815383,214,0.9765440459162413,0.9572224982030548,0.9201895118239884,0.8928316508616294,0.05772195503089726,0.9883858020820269,0.8519932215659499,51785,8996,463,39402,0.9917395070431858,0.9125921381280923,0.9572129518182043,0.676541381225699,0.03331250629735555,0.9891716296697347,0.9252542739666739,21378,1727,20,1827,0.9748508185484159,0.9662076025127574,0.9220563034634441,0.9215381718911795,0.06035921721256211,0.997579802817619,0.8465328041092692,36257,6573,95,39158
by_image,holdout_O013490,hist_gradient_boosting,HistGradientBoosting,B1_engineered,10,"SD,NDAI,AF,AN,BF,ndai_x_sd,af_df_gap,front_back_ratio,rad_cv,rad_range","{""l2_regularization"": 0.1, ""learning_rate"": 0.03, ""max_depth"": null, ""min_samples_leaf"": 100}",0.3258538934419407,214,0.9811888420172,0.9673352694271206,0.9282129920833383,0.9025686751946226,0.05258606503711202,0.9902671516367741,0.8661588325299024,52646,8135,388,39477,0.9907266759750192,0.8979519759615925,0.9600372209119943,0.691900075700227,0.03390666480338954,0.989713048186248,0.9303613936377407,21496,1609,19,1828,0.9795838411805802,0.9738516959368815,0.9203388732275455,0.9198459345810904,0.06381822844510686,0.9947519934782055,0.8459257529768853,36231,6599,206,39047
by_image,holdout_O013490,hist_gradient_boosting,HistGradientBoosting,B1_engineered,10,"SD,NDAI,AF,AN,BF,ndai_x_sd,af_df_gap,front_back_ratio,rad_cv,rad_range","{""l2_regularization"": 0.0, ""learning_rate"": 0.1, ""max_depth"": null, ""min_samples_leaf"": 100}",0.32809268709093115,214,0.9883205791164601,0.9803030232001774,0.941382752416493,0.9190256136358359,0.041405448918350005,0.9927505330490405,0.8900149717839456,54096,6685,289,39576,0.9905756388381142,0.8959346297791204,0.9604577722262494,0.7044487427466151,0.03214981128651746,0.9859231185706551,0.9349924258818437,21603,1502,26,1821,0.9776342820429756,0.9715823783260769,0.9188599078212897,0.9182519401855007,0.06539557583316238,0.9886887626423458,0.8490310530002335,36364,6466,444,38809
by_image,holdout_O013490,logistic_regression,Logistic Regression,B2_context,15,"SD,NDAI,AF,AN,BF,ndai_x_sd,af_df_gap,front_back_ratio,rad_cv,rad_range,local_SD_mean3,local_NDAI_std3,local_SD_std3,local_rad_std_std3,local_rad_mean_std3","{""C"": 0.1}",0.34425481638399286,214,0.9103198269893438,0.805374546959432,0.8758922586810065,0.8454738494206712,0.12594695633580505,0.9188762071992976,0.8329083101627153,50625,10156,3234,36631,0.9752373377955936,0.8446006856071008,0.9269094610220261,0.6185567010309279,0.06902216772125763,0.9420682187330807,0.9117507033109716,21066,2039,107,1740,0.9660139272998901,0.9402784482109732,0.9084009562683035,0.9090803691508603,0.0762567861501874,0.9987771635289022,0.8180247490077048,35036,7794,48,39205
by_image,holdout_O013490,logistic_regression,Logistic Regression,B2_context,15,"SD,NDAI,AF,AN,BF,ndai_x_sd,af_df_gap,front_back_ratio,rad_cv,rad_range,local_SD_mean3,local_NDAI_std3,local_SD_std3,local_rad_std_std3,local_rad_mean_std3","{""C"": 1.0}",0.34842249988974633,214,0.9099323669780169,0.8065001029161666,0.8751807692433806,0.8449101171779924,0.12514785793707822,0.9143107989464443,0.8360507395403168,50816,9965,3416,36449,0.977614541182078,0.858691874021683,0.9311942478647008,0.6411201179071481,0.0659725145801889,0.9420682187330807,0.9203202769963211,21264,1841,107,1740,0.9638951833617961,0.9372397837583978,0.9105637090907581,0.9109797808231928,0.0777134106250382,0.9974524240185464,0.8236749941629699,35278,7552,100,39153
by_image,holdout_O013490,logistic_regression,Logistic Regression,B2_context,15,"SD,NDAI,AF,AN,BF,ndai_x_sd,af_df_gap,front_back_ratio,rad_cv,rad_range,local_SD_mean3,local_NDAI_std3,local_SD_std3,local_rad_std_std3,local_rad_mean_std3","{""C"": 10.0}",0.33895459361264524,214,0.9096187152410681,0.8069743024299509,0.8752347129641544,0.8446595229865191,0.12497599390226236,0.9194531543960868,0.8310162715322222,50510,10271,3211,36654,0.9782925738492629,0.8630413751383598,0.9328744496037311,0.6320907617504052,0.06496497394975337,0.9501894964807797,0.9155594027266826,21154,1951,92,1755,0.9631467920239805,0.9365338518043819,0.906492681482773,0.9073156041512231,0.07819184225572486,0.9978090846559499,0.815176278309596,34914,7916,86,39167
by_image,holdout_O013490,random_forest,Random Forest,B2_context,15,"SD,NDAI,AF,AN,BF,ndai_x_sd,af_df_gap,front_back_ratio,rad_cv,rad_range,local_SD_mean3,local_NDAI_std3,local_SD_std3,local_rad_std_std3,local_rad_mean_std3","{""max_depth"": 8, ""max_features"": ""sqrt"", ""min_samples_leaf"": 10}",0.66749238033213,214,0.9798444718018291,0.9593672320897135,0.9391010521965046,0.9210143096123528,0.05432121011989851,0.9598394581713282,0.9183626462216811,55819,4962,1601,38264,0.9974057371147724,0.9719641082400258,0.9791970743482092,0.8595784986976084,0.02717583829175821,0.9826746074715755,0.9757195412248431,22544,561,32,1815,0.976467844074241,0.9687623840097663,0.9211920964545219,0.9182652419861722,0.056499500289309404,0.93047665146613,0.9119075414429139,39057,3773,2729,36524
by_image,holdout_O013490,random_forest,Random Forest,B2_context,15,"SD,NDAI,AF,AN,BF,ndai_x_sd,af_df_gap,front_back_ratio,rad_cv,rad_range,local_SD_mean3,local_NDAI_std3,local_SD_std3,local_rad_std_std3,local_rad_mean_std3","{""max_depth"": 8, ""max_features"": ""sqrt"", ""min_samples_leaf"": 50}",0.6996284632592951,214,0.9783590532477608,0.9564782304750029,0.9322499367647279,0.914841136102767,0.05663834320995399,0.9396713909444375,0.9248284825850184,56212,4569,2405,37460,0.9976297562023235,0.9745401479984279,0.9791848189106791,0.875756841850327,0.02741253585515003,0.9788846778559827,0.9794849599653754,22631,474,39,1808,0.9750285918265137,0.9652823258363976,0.9189966462705739,0.9157947940358858,0.05699338176064276,0.9231905841591725,0.9148027083819753,39181,3649,3015,36238
by_image,holdout_O013490,random_forest,Random Forest,B2_context,15,"SD,NDAI,AF,AN,BF,ndai_x_sd,af_df_gap,front_back_ratio,rad_cv,rad_range,local_SD_mean3,local_NDAI_std3,local_SD_std3,local_rad_std_std3,local_rad_mean_std3","{""max_depth"": null, ""max_features"": ""sqrt"", ""min_samples_leaf"": 10}",0.48453885314638223,214,0.9967522270983369,0.9950354291072419,0.9657472958913402,0.9517944770518618,0.028301367217827545,0.9925498557632008,0.9389447360194798,57070,3711,297,39568,0.9964949214333894,0.9613067776784995,0.9765569531623188,0.8354430379746836,0.020633680271226505,0.9826746074715755,0.9704392988530621,22422,683,32,1815,0.9750438897734357,0.9628066492461579,0.9152004740359032,0.9130102920175309,0.05837357285609721,0.9446666496828268,0.8857342983889797,37936,4894,2172,37081
by_image,holdout_O013490,random_forest,Random Forest,B2_context,15,"SD,NDAI,AF,AN,BF,ndai_x_sd,af_df_gap,front_back_ratio,rad_cv,rad_range,local_SD_mean3,local_NDAI_std3,local_SD_std3,local_rad_std_std3,local_rad_mean_std3","{""max_depth"": null, ""max_features"": 0.5, ""min_samples_leaf"": 50}",0.5223368583150787,214,0.9900514609456262,0.9839614422552467,0.950034568326515,0.9323715273637773,0.04149652410335376,0.9807851498808479,0.9192839867721821,55875,4906,766,39099,0.9963089340382123,0.9592007733975898,0.9736020218894299,0.8201178069777979,0.022726871076274767,0.9799675148890092,0.9672365288898507,22348,757,37,1810,0.9746345862710137,0.9637893438536314,0.9110268165294843,0.9086666666666666,0.06159856443163017,0.9375334369347565,0.884520196124212,37884,4946,2452,36801
by_image,holdout_O013490,hist_gradient_boosting,HistGradientBoosting,B2_context,15,"SD,NDAI,AF,AN,BF,ndai_x_sd,af_df_gap,front_back_ratio,rad_cv,rad_range,local_SD_mean3,local_NDAI_std3,local_SD_std3,local_rad_std_std3,local_rad_mean_std3","{""l2_regularization"": 0.1, ""learning_rate"": 0.03, ""max_depth"": 3, ""min_samples_leaf"": 20}",0.6718449465808212,214,0.9724633385491965,0.9469919130883504,0.9232401307077516,0.9022585249421275,0.06310861308959251,0.9434842593753919,0.9029960020401112,54885,5896,2253,37612,0.9969123210146659,0.9650208769167469,0.976155991801745,0.8383067314365025,0.027705633178692544,0.9810503519220357,0.9712616316814542,22441,664,35,1812,0.9850564153652581,0.9797019265945603,0.9396644854328648,0.9376968503937008,0.04804084545874158,0.9708302550123558,0.9084987158533738,38911,3919,1145,38108
by_image,holdout_O013490,hist_gradient_boosting,HistGradientBoosting,B2_context,15,"SD,NDAI,AF,AN,BF,ndai_x_sd,af_df_gap,front_back_ratio,rad_cv,rad_range,local_SD_mean3,local_NDAI_std3,local_SD_std3,local_rad_std_std3,local_rad_mean_std3","{""l2_regularization"": 0.1, ""learning_rate"": 0.1, ""max_depth"": 3, ""min_samples_leaf"": 20}",0.47589577536977634,214,0.984384086365685,0.9715580804220464,0.9431695556517989,0.9231895350759132,0.046243172621680886,0.9807600652201179,0.90557904608348,55042,5739,767,39098,0.9960171468333813,0.9565440571247724,0.972001867138169,0.7949223024731888,0.023378320663418994,0.9832160259880888,0.9607877082882493,22199,906,31,1816,0.9816600519606762,0.9773549850322907,0.9289418478695761,0.9270589962202297,0.05453023775689333,0.965378442412045,0.8925052533271072,38226,4604,1359,37894
by_image,holdout_O013490,hist_gradient_boosting,HistGradientBoosting,B2_context,15,"SD,NDAI,AF,AN,BF,ndai_x_sd,af_df_gap,front_back_ratio,rad_cv,rad_range,local_SD_mean3,local_NDAI_std3,local_SD_std3,local_rad_std_std3,local_rad_mean_std3","{""l2_regularization"": 0.1, ""learning_rate"": 0.03, ""max_depth"": null, ""min_samples_leaf"": 100}",0.42398852770344303,214,0.9889384206947952,0.9810094455998745,0.9487391895707439,0.9294488300470813,0.04006757671447495,0.9879342781888875,0.9095441009526003,55283,5498,481,39384,0.9959330225107549,0.954375725794724,0.9741013899611095,0.808179595465659,0.020743385402964432,0.9842988630211154,0.9639039169011037,22271,834,29,1818,0.9806604394741656,0.9765144842045806,0.9159705691388834,0.9140395535539456,0.06358161712551601,0.9513667745140498,0.880574363763717,37715,5115,1909,37344
by_image,holdout_O013490,hist_gradient_boosting,HistGradientBoosting,B2_context,15,"SD,NDAI,AF,AN,BF,ndai_x_sd,af_df_gap,front_back_ratio,rad_cv,rad_range,local_SD_mean3,local_NDAI_std3,local_SD_std3,local_rad_std_std3,local_rad_mean_std3","{""l2_regularization"": 0.0, ""learning_rate"": 0.1, ""max_depth"": null, ""min_samples_leaf"": 100}",0.28833909025753157,214,0.9952245410911007,0.9921961712467201,0.9571554456962523,0.9390834179396973,0.02727311675871054,0.9976922112128433,0.9166186801796614,55713,5068,92,39773,0.9962534916573393,0.9548760465448081,0.9767545867380933,0.8083977900552486,0.017411157396184488,0.9902544667027612,0.9632547067734256,22256,849,18,1829,0.9783846118701968,0.9736486204689717,0.9152925775621344,0.9134617732522647,0.06651860595416226,0.9530226989019948,0.8775624562222741,37586,5244,1844,37409
by_image,holdout_O013490,logistic_regression,Logistic Regression,B3_context_ae,18,"SD,NDAI,AF,AN,BF,ndai_x_sd,af_df_gap,front_back_ratio,rad_cv,rad_range,local_SD_mean3,local_NDAI_std3,local_SD_std3,local_rad_std_std3,local_rad_mean_std3,ae4,ae5,ae0","{""C"": 0.1}",0.3446392632485059,214,0.9110901449315478,0.8066959216738334,0.8782469566215205,0.8483597527743312,0.12500772792758066,0.9175968895020695,0.8388970237409716,50989,9792,3285,36580,0.9754188494956113,0.8522531032653556,0.928013938392642,0.6196482501332385,0.07071246181638466,0.9442338927991337,0.9117939839861502,21067,2038,103,1744,0.9655770230749655,0.9389124554503424,0.9071242563797908,0.9079373900157451,0.07674994871771074,0.998955493847604,0.8152930189119776,34919,7911,41,39212
by_image,holdout_O013490,logistic_regression,Logistic Regression,B3_context_ae,18,"SD,NDAI,AF,AN,BF,ndai_x_sd,af_df_gap,front_back_ratio,rad_cv,rad_range,local_SD_mean3,local_NDAI_std3,local_SD_std3,local_rad_std_std3,local_rad_mean_std3,ae4,ae5,ae0","{""C"": 1.0}",0.3597080253848782,214,0.910635349933607,0.8077839958387215,0.8763915584093205,0.8468943844467115,0.12437575328238422,0.9058572682804465,0.8469258485381945,51477,9304,3753,36112,0.9770419099642448,0.8622851286906792,0.9318846882836495,0.6576696445542672,0.06790262226603751,0.9366540335679481,0.9271153429993508,21421,1684,117,1730,0.9637702997953272,0.9364205467432842,0.9133941507667362,0.9135618132188601,0.07786812389100434,0.997579802817619,0.8292084987158533,35515,7315,95,39158
by_image,holdout_O013490,logistic_regression,Logistic Regression,B3_context_ae,18,"SD,NDAI,AF,AN,BF,ndai_x_sd,af_df_gap,front_back_ratio,rad_cv,rad_range,local_SD_mean3,local_NDAI_std3,local_SD_std3,local_rad_std_std3,local_rad_mean_std3,ae4,ae5,ae0","{""C"": 10.0}",0.3703597088912591,214,0.910423276607282,0.8082110111293673,0.8751884422664025,0.8459113184153038,0.12419173224718573,0.8984823780258372,0.8518945065069676,51779,9002,4047,35818,0.9779068907779239,0.8670166187165069,0.9337653472700076,0.6826751339551498,0.06673414462822326,0.9312398484028154,0.9362908461371997,21633,1472,127,1720,0.9632465353041003,0.9360087098150316,0.9170830978897475,0.9169204817018883,0.07803141036005297,0.9970193361016992,0.8371468596777959,35855,6975,117,39136
by_image,holdout_O013490,random_forest,Random Forest,B3_context_ae,18,"SD,NDAI,AF,AN,BF,ndai_x_sd,af_df_gap,front_back_ratio,rad_cv,rad_range,local_SD_mean3,local_NDAI_std3,local_SD_std3,local_rad_std_std3,local_rad_mean_std3,ae4,ae5,ae0","{""max_depth"": 8, ""max_features"": ""sqrt"", ""min_samples_leaf"": 10}",0.5439632447931093,214,0.9883657388106637,0.9788717554971454,0.9464871443136016,0.9269041044159645,0.04574148439417066,0.9851247961871316,0.9078494924400717,55180,5601,593,39272,0.9979095925980906,0.9746894014858616,0.9836158039842358,0.8556773140592213,0.020454261462888364,0.9935029778018408,0.9737286301666306,22498,607,12,1835,0.9775585019180191,0.9691928596453874,0.9321556589862019,0.9299776037219892,0.05145802952946288,0.957353578070466,0.9069577399019378,38845,3985,1674,37579
by_image,holdout_O013490,random_forest,Random Forest,B3_context_ae,18,"SD,NDAI,AF,AN,BF,ndai_x_sd,af_df_gap,front_back_ratio,rad_cv,rad_range,local_SD_mean3,local_NDAI_std3,local_SD_std3,local_rad_std_std3,local_rad_mean_std3,ae4,ae5,ae0","{""max_depth"": 8, ""max_features"": ""sqrt"", ""min_samples_leaf"": 50}",0.5866193066716303,214,0.9868820957162037,0.9764636974215621,0.9445708877041958,0.9256398678675825,0.04898828784059922,0.9770475354320833,0.9120942399763083,55438,5343,915,38950,0.9979731896486779,0.9747943950357338,0.9837664661937974,0.8661305581835383,0.02234253991672934,0.9913373037357878,0.976195628651807,22555,550,16,1831,0.9770356302382673,0.9675311676864691,0.9289973372031586,0.9265660631285125,0.05258885677711574,0.9471377983848368,0.9108568760214802,39012,3818,2075,37178
by_image,holdout_O013490,random_forest,Random Forest,B3_context_ae,18,"SD,NDAI,AF,AN,BF,ndai_x_sd,af_df_gap,front_back_ratio,rad_cv,rad_range,local_SD_mean3,local_NDAI_std3,local_SD_std3,local_rad_std_std3,local_rad_mean_std3,ae4,ae5,ae0","{""max_depth"": null, ""max_features"": ""sqrt"", ""min_samples_leaf"": 10}",0.4986193019501514,214,0.9988133454464361,0.9981924510327214,0.9800478145469624,0.9716911764705882,0.019804691177485005,0.994481374639408,0.965614254454517,58691,2090,220,39645,0.9978892996556409,0.9780934914861981,0.9808948156570128,0.8879077753249939,0.015545147540784073,0.9799675148890092,0.9818221164250163,22685,420,37,1810,0.9816986165389523,0.9738138956640494,0.9345970781367487,0.9322467521122191,0.048344679992112116,0.9515196290729371,0.9176745272005603,39304,3526,1903,37350
by_image,holdout_O013490,random_forest,Random Forest,B3_context_ae,18,"SD,NDAI,AF,AN,BF,ndai_x_sd,af_df_gap,front_back_ratio,rad_cv,rad_range,local_SD_mean3,local_NDAI_std3,local_SD_std3,local_rad_std_std3,local_rad_mean_std3,ae4,ae5,ae0","{""max_depth"": null, ""max_features"": 0.5, ""min_samples_leaf"": 50}",0.520461337393477,214,0.9946669753759788,0.991780561089054,0.9618016171387138,0.9485636645962733,0.03249467205679329,0.980709895898658,0.9428933383787697,57310,3471,769,39096,0.9977106233436559,0.9741176369575021,0.9802133500613417,0.878699660359049,0.017171507203506995,0.9805089334055225,0.9799177667171608,22641,464,36,1811,0.9817438611433925,0.9742300027131411,0.9337477277249053,0.9313166191262573,0.04868572817881635,0.9482332560568619,0.9192621993929488,39372,3458,2032,37221
by_image,holdout_O013490,hist_gradient_boosting,HistGradientBoosting,B3_context_ae,18,"SD,NDAI,AF,AN,BF,ndai_x_sd,af_df_gap,front_back_ratio,rad_cv,rad_range,local_SD_mean3,local_NDAI_std3,local_SD_std3,local_rad_std_std3,local_rad_mean_std3,ae4,ae5,ae0","{""l2_regularization"": 0.1, ""learning_rate"": 0.03, ""max_depth"": 3, ""min_samples_leaf"": 20}",0.63235498610606,214,0.9843757156638003,0.9737240716694958,0.9359634531255645,0.9169455138584056,0.05235292981533669,0.9589113257243196,0.9130155805268093,55494,5287,1638,38227,0.9974202421163617,0.9674040397498317,0.9849346343468361,0.8820834338075717,0.020175827967063402,0.9902544667027612,0.9796148019909111,22634,471,18,1829,0.9869084587903474,0.9817505287677589,0.9430177407945115,0.9409621081596985,0.043616420782827875,0.9669834152803607,0.9190520663086622,39363,3467,1296,37957
by_image,holdout_O013490,hist_gradient_boosting,HistGradientBoosting,B3_context_ae,18,"SD,NDAI,AF,AN,BF,ndai_x_sd,af_df_gap,front_back_ratio,rad_cv,rad_range,local_SD_mean3,local_NDAI_std3,local_SD_std3,local_rad_std_std3,local_rad_mean_std3,ae4,ae5,ae0","{""l2_regularization"": 0.1, ""learning_rate"": 0.1, ""max_depth"": 3, ""min_samples_leaf"": 20}",0.4065575352766582,214,0.9921659594649653,0.9871571600653841,0.952453249052186,0.9346018624097301,0.035083603131641335,0.986905807098959,0.9180006910054129,55797,4984,522,39343,0.9974995392494447,0.9724508247217223,0.9790476423689924,0.8361970217640321,0.01632115249167407,0.9880887926367081,0.9700064921012768,22412,693,22,1825,0.9881332245312783,0.9851118829867496,0.9410353605747026,0.93918720657277,0.04326325639000624,0.9784984587165312,0.9035722624328741,38700,4130,844,38409
by_image,holdout_O013490,hist_gradient_boosting,HistGradientBoosting,B3_context_ae,18,"SD,NDAI,AF,AN,BF,ndai_x_sd,af_df_gap,front_back_ratio,rad_cv,rad_range,local_SD_mean3,local_NDAI_std3,local_SD_std3,local_rad_std_std3,local_rad_mean_std3,ae4,ae5,ae0","{""l2_regularization"": 0.1, ""learning_rate"": 0.03, ""max_depth"": null, ""min_samples_leaf"": 100}",0.45555533515363794,214,0.9948582974506598,0.9918103994772787,0.9612774364198968,0.9468182475071053,0.029430032855964194,0.9860780132948702,0.9364768595449235,56920,3861,555,39310,0.9971117237788412,0.9641290525152098,0.9798797701742252,0.8546607184785161,0.016295497517854533,0.9853817000541418,0.9743778402943086,22513,592,27,1820,0.9878169405641958,0.9832211857586762,0.9426967173725094,0.9407285094637224,0.04321809365032646,0.9724352278806715,0.9129582068643474,39102,3728,1082,38171
by_image,holdout_O013490,hist_gradient_boosting,HistGradientBoosting,B3_context_ae,18,"SD,NDAI,AF,AN,BF,ndai_x_sd,af_df_gap,front_back_ratio,rad_cv,rad_range,local_SD_mean3,local_NDAI_std3,local_SD_std3,local_rad_std_std3,local_rad_mean_std3,ae4,ae5,ae0","{""l2_regularization"": 0.0, ""learning_rate"": 0.1, ""max_depth"": null, ""min_samples_leaf"": 100}",0.36776248698480307,214,0.9986364457826049,0.9978825108469855,0.9759858574283277,0.96536728173856,0.015996839771808238,0.9967389941051047,0.9552327207515506,58060,2721,130,39735,0.9976671317718468,0.9717267835637645,0.9808752257033315,0.8639924044623783,0.01318653878280082,0.9853817000541418,0.9763687513525211,22559,546,27,1820,0.9890489939308389,0.9847435771173477,0.9411708585454184,0.939260822617061,0.04247879406813379,0.9750337553817543,0.9073079617090825,38860,3970,980,38273
